[2026-07-17T00:00:13] INFO: drag and drop enabled
[2026-07-17T00:00:13] INFO: object-layout loaded screen id=BluetoothPi:BluetoothPi-1 host=BluetoothPi name=BluetoothPi-1 kind=<none> bridge=<none>:0 rect=-1920,0 1920x1080 links(L=<none> R=Siloe:Siloe-1 U=<none> D=<none>)
[2026-07-17T00:00:13] INFO: object-layout loaded screen id=KANAAN:KANAAN-1 host=KANAAN name=KANAAN-1 kind=<none> bridge=<none>:0 rect=0,-1080 1920x1080 links(L=<none> R=<none> U=<none> D=Siloe:Siloe-1)
[2026-07-17T00:00:13] INFO: object-layout loaded screen id=KANAAN:KANAAN-2 host=KANAAN name=KANAAN-2 kind=<none> bridge=<none>:0 rect=0,1080 1920x1080 links(L=<none> R=<none> U=Siloe:Siloe-1 D=<none>)
[2026-07-17T00:00:13] INFO: object-layout loaded screen id=mamre:mamre-1 host=mamre name=mamre-1 kind=<none> bridge=<none>:0 rect=1920,0 1920x1080 links(L=Siloe:Siloe-1 R=<none> U=<none> D=<none>)
[2026-07-17T00:00:13] INFO: object-layout loaded screen id=Siloe:Siloe-1 host=Siloe name=Siloe-1 kind=<none> bridge=<none>:0 rect=0,0 1920x1080 links(L=BluetoothPi:BluetoothPi-1 R=mamre:mamre-1 U=KANAAN:KANAAN-1 D=KANAAN:KANAAN-2)
[2026-07-17T00:00:13] NOTE: bluetooth bridge screen added host=BluetoothPi endpoint=10.1.30.33:24810
[2026-07-17T00:00:13] INFO: object-layout loaded screen id=BluetoothPi:BluetoothPi-1 host=BluetoothPi name=BluetoothPi-1 kind=<none> bridge=<none>:0 rect=-1920,0 1920x1080 links(L=<none> R=Siloe:Siloe-1 U=<none> D=<none>)
[2026-07-17T00:00:13] INFO: object-layout loaded screen id=KANAAN:KANAAN-1 host=KANAAN name=KANAAN-1 kind=<none> bridge=<none>:0 rect=0,-1080 1920x1080 links(L=<none> R=<none> U=<none> D=Siloe:Siloe-1)
[2026-07-17T00:00:13] INFO: object-layout loaded screen id=KANAAN:KANAAN-2 host=KANAAN name=KANAAN-2 kind=<none> bridge=<none>:0 rect=0,1080 1920x1080 links(L=<none> R=<none> U=Siloe:Siloe-1 D=<none>)
[2026-07-17T00:00:13] INFO: object-layout loaded screen id=mamre:mamre-1 host=mamre name=mamre-1 kind=<none> bridge=<none>:0 rect=1920,0 1920x1080 links(L=Siloe:Siloe-1 R=<none> U=<none> D=<none>)
[2026-07-17T00:00:13] INFO: object-layout loaded screen id=Siloe:Siloe-1 host=Siloe name=Siloe-1 kind=<none> bridge=<none>:0 rect=0,0 1920x1080 links(L=BluetoothPi:BluetoothPi-1 R=mamre:mamre-1 U=KANAAN:KANAAN-1 D=KANAAN:KANAAN-2)
[2026-07-17T00:00:13] NOTE: bluetooth bridge screen added host=BluetoothPi endpoint=10.1.30.33:24810
started server (IPv4/IPv6), waiting for clients
[2026-07-17T00:00:13] INFO: object-layout loaded screen id=BluetoothPi:BluetoothPi-1 host=BluetoothPi name=BluetoothPi-1 kind=<none> bridge=<none>:0 rect=-1920,0 1920x1080 links(L=<none> R=Siloe:Siloe-1 U=<none> D=<none>)
[2026-07-17T00:00:13] INFO: object-layout loaded screen id=KANAAN:KANAAN-1 host=KANAAN name=KANAAN-1 kind=<none> bridge=<none>:0 rect=0,-1080 1920x1080 links(L=<none> R=<none> U=<none> D=Siloe:Siloe-1)
[2026-07-17T00:00:13] INFO: object-layout loaded screen id=KANAAN:KANAAN-2 host=KANAAN name=KANAAN-2 kind=<none> bridge=<none>:0 rect=0,1080 1920x1080 links(L=<none> R=<none> U=Siloe:Siloe-1 D=<none>)
[2026-07-17T00:00:13] INFO: object-layout loaded screen id=mamre:mamre-1 host=mamre name=mamre-1 kind=<none> bridge=<none>:0 rect=1920,0 1920x1080 links(L=Siloe:Siloe-1 R=<none> U=<none> D=<none>)
[2026-07-17T00:00:13] INFO: object-layout loaded screen id=Siloe:Siloe-1 host=Siloe name=Siloe-1 kind=<none> bridge=<none>:0 rect=0,0 1920x1080 links(L=BluetoothPi:BluetoothPi-1 R=mamre:mamre-1 U=KANAAN:KANAAN-1 D=KANAAN:KANAAN-2)
[2026-07-17T00:00:13] INFO: object-layout primary no-edge activeHost=Siloe-1 pos=1730,903 hostScreen=Siloe:Siloe-1 localScreen=0,0..1919,1079 desktop=0,0 1920x1080
[2026-07-17T00:00:44] INFO: object-layout primary no-edge activeHost=Siloe-1 pos=1714,934 hostScreen=Siloe:Siloe-1 localScreen=0,0..1919,1079 desktop=0,0 1920x1080
[2026-07-17T00:00:44] INFO: object-layout primary no-edge activeHost=Siloe-1 pos=1690,975 hostScreen=Siloe:Siloe-1 localScreen=0,0..1919,1079 desktop=0,0 1920x1080
[2026-07-17T00:00:44] INFO: object-layout primary no-edge activeHost=Siloe-1 pos=1668,1011 hostScreen=Siloe:Siloe-1 localScreen=0,0..1919,1079 desktop=0,0 1920x1080
[2026-07-17T00:00:44] INFO: object-layout primary no-edge activeHost=Siloe-1 pos=1645,1042 hostScreen=Siloe:Siloe-1 localScreen=0,0..1919,1079 desktop=0,0 1920x1080
[2026-07-17T00:00:44] INFO: object-layout primary no-edge activeHost=Siloe-1 pos=1620,1074 hostScreen=Siloe:Siloe-1 localScreen=0,0..1919,1079 desktop=0,0 1920x1080
[2026-07-17T00:00:44] INFO: object-layout primary edge activeHost=Siloe-1 pos=1594,1079 dirh=none dirv=down xh=1594 yv=1080
[2026-07-17T00:00:44] INFO: object-layout primary attempt activeHost=Siloe-1 direction=down x=1594 y=1080
[2026-07-17T00:00:44] INFO: object-layout evaluate activeClient=Siloe-1 activeLayout=Siloe:Siloe-1 sourceScreen=Siloe:Siloe-1 absolute=yes local=1594,1080 localScreen=0,0 1920x1080 direction=down global=1594,1080
[2026-07-17T00:00:44] INFO: object-layout resolve sourceScreen=Siloe:Siloe-1 direction=down directDestination=<none> directionalDestination=KANAAN:KANAAN-2 resolvedDestination=KANAAN:KANAAN-2
[2026-07-17T00:00:44] INFO: object-layout switch rejected sourceScreen=Siloe:Siloe-1 resolvedDestination=KANAAN:KANAAN-2 reason=no-destination-client
[2026-07-17T00:00:44] INFO: object-layout primary attempts-failed activeHost=Siloe-1 pos=1594,1079
[2026-07-17T00:00:44] INFO: object-layout primary edge activeHost=Siloe-1 pos=1568,1079 dirh=none dirv=down xh=1568 yv=1080
[2026-07-17T00:00:44] INFO: object-layout primary attempt activeHost=Siloe-1 direction=down x=1568 y=1080
[2026-07-17T00:00:44] INFO: object-layout evaluate activeClient=Siloe-1 activeLayout=Siloe:Siloe-1 sourceScreen=Siloe:Siloe-1 absolute=yes local=1568,1080 localScreen=0,0 1920x1080 direction=down global=1568,1080
[2026-07-17T00:00:44] INFO: object-layout resolve sourceScreen=Siloe:Siloe-1 direction=down directDestination=<none> directionalDestination=KANAAN:KANAAN-2 resolvedDestination=KANAAN:KANAAN-2
[2026-07-17T00:00:44] INFO: object-layout switch rejected sourceScreen=Siloe:Siloe-1 resolvedDestination=KANAAN:KANAAN-2 reason=no-destination-client
[2026-07-17T00:00:44] INFO: object-layout primary attempts-failed activeHost=Siloe-1 pos=1568,1079
[2026-07-17T00:00:44] INFO: object-layout primary edge activeHost=Siloe-1 pos=1539,1079 dirh=none dirv=down xh=1539 yv=1080
[2026-07-17T00:00:44] INFO: object-layout primary attempt activeHost=Siloe-1 direction=down x=1539 y=1080
[2026-07-17T00:00:44] INFO: object-layout evaluate activeClient=Siloe-1 activeLayout=Siloe:Siloe-1 sourceScreen=Siloe:Siloe-1 absolute=yes local=1539,1080 localScreen=0,0 1920x1080 direction=down global=1539,1080
[2026-07-17T00:00:44] INFO: object-layout resolve sourceScreen=Siloe:Siloe-1 direction=down directDestination=<none> directionalDestination=KANAAN:KANAAN-2 resolvedDestination=KANAAN:KANAAN-2
[2026-07-17T00:00:44] INFO: object-layout switch rejected sourceScreen=Siloe:Siloe-1 resolvedDestination=KANAAN:KANAAN-2 reason=no-destination-client
[2026-07-17T00:00:44] INFO: object-layout primary attempts-failed activeHost=Siloe-1 pos=1539,1079
[2026-07-17T00:00:44] INFO: object-layout primary edge activeHost=Siloe-1 pos=1511,1079 dirh=none dirv=down xh=1511 yv=1080
[2026-07-17T00:00:44] INFO: object-layout primary attempt activeHost=Siloe-1 direction=down x=1511 y=1080
[2026-07-17T00:00:44] INFO: object-layout evaluate activeClient=Siloe-1 activeLayout=Siloe:Siloe-1 sourceScreen=Siloe:Siloe-1 absolute=yes local=1511,1080 localScreen=0,0 1920x1080 direction=down global=1511,1080
[2026-07-17T00:00:44] INFO: object-layout resolve sourceScreen=Siloe:Siloe-1 direction=down directDestination=<none> directionalDestination=KANAAN:KANAAN-2 resolvedDestination=KANAAN:KANAAN-2
[2026-07-17T00:00:44] INFO: object-layout switch rejected sourceScreen=Siloe:Siloe-1 resolvedDestination=KANAAN:KANAAN-2 reason=no-destination-client
[2026-07-17T00:00:44] INFO: object-layout primary attempts-failed activeHost=Siloe-1 pos=1511,1079
[2026-07-17T00:00:44] INFO: object-layout primary edge activeHost=Siloe-1 pos=1485,1079 dirh=none dirv=down xh=1485 yv=1080
[2026-07-17T00:00:44] INFO: object-layout primary attempt activeHost=Siloe-1 direction=down x=1485 y=1080
[2026-07-17T00:00:44] INFO: object-layout evaluate activeClient=Siloe-1 activeLayout=Siloe:Siloe-1 sourceScreen=Siloe:Siloe-1 absolute=yes local=1485,1080 localScreen=0,0 1920x1080 direction=down global=1485,1080
[2026-07-17T00:00:44] INFO: object-layout resolve sourceScreen=Siloe:Siloe-1 direction=down directDestination=<none> directionalDestination=KANAAN:KANAAN-2 resolvedDestination=KANAAN:KANAAN-2
[2026-07-17T00:00:44] INFO: object-layout switch rejected sourceScreen=Siloe:Siloe-1 resolvedDestination=KANAAN:KANAAN-2 reason=no-destination-client
[2026-07-17T00:00:44] INFO: object-layout primary attempts-failed activeHost=Siloe-1 pos=1485,1079
[2026-07-17T00:00:44] INFO: object-layout primary edge activeHost=Siloe-1 pos=1463,1079 dirh=none dirv=down xh=1463 yv=1080
[2026-07-17T00:00:44] INFO: object-layout primary attempt activeHost=Siloe-1 direction=down x=1463 y=1080
[2026-07-17T00:00:44] INFO: object-layout evaluate activeClient=Siloe-1 activeLayout=Siloe:Siloe-1 sourceScreen=Siloe:Siloe-1 absolute=yes local=1463,1080 localScreen=0,0 1920x1080 direction=down global=1463,1080
[2026-07-17T00:00:44] INFO: object-layout resolve sourceScreen=Siloe:Siloe-1 direction=down directDestination=<none> directionalDestination=KANAAN:KANAAN-2 resolvedDestination=KANAAN:KANAAN-2
[2026-07-17T00:00:44] INFO: object-layout switch rejected sourceScreen=Siloe:Siloe-1 resolvedDestination=KANAAN:KANAAN-2 reason=no-destination-client
[2026-07-17T00:00:44] INFO: object-layout primary attempts-failed activeHost=Siloe-1 pos=1463,1079
[2026-07-17T00:00:44] INFO: object-layout primary edge activeHost=Siloe-1 pos=1441,1079 dirh=none dirv=down xh=1441 yv=1080
[2026-07-17T00:00:44] INFO: object-layout primary attempt activeHost=Siloe-1 direction=down x=1441 y=1080
[2026-07-17T00:00:44] INFO: object-layout evaluate activeClient=Siloe-1 activeLayout=Siloe:Siloe-1 sourceScreen=Siloe:Siloe-1 absolute=yes local=1441,1080 localScreen=0,0 1920x1080 direction=down global=1441,1080
[2026-07-17T00:00:44] INFO: object-layout resolve sourceScreen=Siloe:Siloe-1 direction=down directDestination=<none> directionalDestination=KANAAN:KANAAN-2 resolvedDestination=KANAAN:KANAAN-2
[2026-07-17T00:00:44] INFO: object-layout switch rejected sourceScreen=Siloe:Siloe-1 resolvedDestination=KANAAN:KANAAN-2 reason=no-destination-client
[2026-07-17T00:00:44] INFO: object-layout primary attempts-failed activeHost=Siloe-1 pos=1441,1079
[2026-07-17T00:00:44] INFO: object-layout primary edge activeHost=Siloe-1 pos=1422,1079 dirh=none dirv=down xh=1422 yv=1080
[2026-07-17T00:00:44] INFO: object-layout primary attempt activeHost=Siloe-1 direction=down x=1422 y=1080
[2026-07-17T00:00:44] INFO: object-layout evaluate activeClient=Siloe-1 activeLayout=Siloe:Siloe-1 sourceScreen=Siloe:Siloe-1 absolute=yes local=1422,1080 localScreen=0,0 1920x1080 direction=down global=1422,1080
[2026-07-17T00:00:44] INFO: object-layout resolve sourceScreen=Siloe:Siloe-1 direction=down directDestination=<none> directionalDestination=KANAAN:KANAAN-2 resolvedDestination=KANAAN:KANAAN-2
[2026-07-17T00:00:44] INFO: object-layout switch rejected sourceScreen=Siloe:Siloe-1 resolvedDestination=KANAAN:KANAAN-2 reason=no-destination-client
[2026-07-17T00:00:44] INFO: object-layout primary attempts-failed activeHost=Siloe-1 pos=1422,1079
[2026-07-17T00:00:44] INFO: object-layout primary edge activeHost=Siloe-1 pos=1402,1079 dirh=none dirv=down xh=1402 yv=1080
[2026-07-17T00:00:44] INFO: object-layout primary attempt activeHost=Siloe-1 direction=down x=1402 y=1080
[2026-07-17T00:00:44] INFO: object-layout evaluate activeClient=Siloe-1 activeLayout=Siloe:Siloe-1 sourceScreen=Siloe:Siloe-1 absolute=yes local=1402,1080 localScreen=0,0 1920x1080 direction=down global=1402,1080
[2026-07-17T00:00:44] INFO: object-layout resolve sourceScreen=Siloe:Siloe-1 direction=down directDestination=<none> directionalDestination=KANAAN:KANAAN-2 resolvedDestination=KANAAN:KANAAN-2
[2026-07-17T00:00:44] INFO: object-layout switch rejected sourceScreen=Siloe:Siloe-1 resolvedDestination=KANAAN:KANAAN-2 reason=no-destination-client
[2026-07-17T00:00:44] INFO: object-layout primary attempts-failed activeHost=Siloe-1 pos=1402,1079
[2026-07-17T00:00:44] INFO: object-layout primary edge activeHost=Siloe-1 pos=1386,1079 dirh=none dirv=down xh=1386 yv=1080
[2026-07-17T00:00:44] INFO: object-layout primary attempt activeHost=Siloe-1 direction=down x=1386 y=1080
[2026-07-17T00:00:44] INFO: object-layout evaluate activeClient=Siloe-1 activeLayout=Siloe:Siloe-1 sourceScreen=Siloe:Siloe-1 absolute=yes local=1386,1080 localScreen=0,0 1920x1080 direction=down global=1386,1080
[2026-07-17T00:00:44] INFO: object-layout resolve sourceScreen=Siloe:Siloe-1 direction=down directDestination=<none> directionalDestination=KANAAN:KANAAN-2 resolvedDestination=KANAAN:KANAAN-2
[2026-07-17T00:00:44] INFO: object-layout switch rejected sourceScreen=Siloe:Siloe-1 resolvedDestination=KANAAN:KANAAN-2 reason=no-destination-client
[2026-07-17T00:00:44] INFO: object-layout primary attempts-failed activeHost=Siloe-1 pos=1386,1079
[2026-07-17T00:00:44] INFO: object-layout primary edge activeHost=Siloe-1 pos=1370,1079 dirh=none dirv=down xh=1370 yv=1080
[2026-07-17T00:00:44] INFO: object-layout primary attempt activeHost=Siloe-1 direction=down x=1370 y=1080
[2026-07-17T00:00:44] INFO: object-layout evaluate activeClient=Siloe-1 activeLayout=Siloe:Siloe-1 sourceScreen=Siloe:Siloe-1 absolute=yes local=1370,1080 localScreen=0,0 1920x1080 direction=down global=1370,1080
[2026-07-17T00:00:44] INFO: object-layout resolve sourceScreen=Siloe:Siloe-1 direction=down directDestination=<none> directionalDestination=KANAAN:KANAAN-2 resolvedDestination=KANAAN:KANAAN-2
[2026-07-17T00:00:44] INFO: object-layout switch rejected sourceScreen=Siloe:Siloe-1 resolvedDestination=KANAAN:KANAAN-2 reason=no-destination-client
[2026-07-17T00:00:44] INFO: object-layout primary attempts-failed activeHost=Siloe-1 pos=1370,1079
[2026-07-17T00:00:44] INFO: object-layout primary edge activeHost=Siloe-1 pos=1358,1079 dirh=none dirv=down xh=1358 yv=1080
[2026-07-17T00:00:44] INFO: object-layout primary attempt activeHost=Siloe-1 direction=down x=1358 y=1080
[2026-07-17T00:00:44] INFO: object-layout evaluate activeClient=Siloe-1 activeLayout=Siloe:Siloe-1 sourceScreen=Siloe:Siloe-1 absolute=yes local=1358,1080 localScreen=0,0 1920x1080 direction=down global=1358,1080
[2026-07-17T00:00:44] INFO: object-layout resolve sourceScreen=Siloe:Siloe-1 direction=down directDestination=<none> directionalDestination=KANAAN:KANAAN-2 resolvedDestination=KANAAN:KANAAN-2
[2026-07-17T00:00:44] INFO: object-layout switch rejected sourceScreen=Siloe:Siloe-1 resolvedDestination=KANAAN:KANAAN-2 reason=no-destination-client
[2026-07-17T00:00:44] INFO: object-layout primary attempts-failed activeHost=Siloe-1 pos=1358,1079
[2026-07-17T00:00:44] INFO: object-layout primary edge activeHost=Siloe-1 pos=1347,1079 dirh=none dirv=down xh=1347 yv=1080
[2026-07-17T00:00:44] INFO: object-layout primary attempt activeHost=Siloe-1 direction=down x=1347 y=1080
[2026-07-17T00:00:44] INFO: object-layout evaluate activeClient=Siloe-1 activeLayout=Siloe:Siloe-1 sourceScreen=Siloe:Siloe-1 absolute=yes local=1347,1080 localScreen=0,0 1920x1080 direction=down global=1347,1080
[2026-07-17T00:00:44] INFO: object-layout resolve sourceScreen=Siloe:Siloe-1 direction=down directDestination=<none> directionalDestination=KANAAN:KANAAN-2 resolvedDestination=KANAAN:KANAAN-2
[2026-07-17T00:00:44] INFO: object-layout switch rejected sourceScreen=Siloe:Siloe-1 resolvedDestination=KANAAN:KANAAN-2 reason=no-destination-client
[2026-07-17T00:00:44] INFO: object-layout primary attempts-failed activeHost=Siloe-1 pos=1347,1079
[2026-07-17T00:00:44] INFO: object-layout primary edge activeHost=Siloe-1 pos=1335,1079 dirh=none dirv=down xh=1335 yv=1080
[2026-07-17T00:00:44] INFO: object-layout primary attempt activeHost=Siloe-1 direction=down x=1335 y=1080
[2026-07-17T00:00:44] INFO: object-layout evaluate activeClient=Siloe-1 activeLayout=Siloe:Siloe-1 sourceScreen=Siloe:Siloe-1 absolute=yes local=1335,1080 localScreen=0,0 1920x1080 direction=down global=1335,1080
[2026-07-17T00:00:44] INFO: object-layout resolve sourceScreen=Siloe:Siloe-1 direction=down directDestination=<none> directionalDestination=KANAAN:KANAAN-2 resolvedDestination=KANAAN:KANAAN-2
[2026-07-17T00:00:44] INFO: object-layout switch rejected sourceScreen=Siloe:Siloe-1 resolvedDestination=KANAAN:KANAAN-2 reason=no-destination-client
[2026-07-17T00:00:44] INFO: object-layout primary attempts-failed activeHost=Siloe-1 pos=1335,1079
[2026-07-17T00:00:44] INFO: object-layout primary edge activeHost=Siloe-1 pos=1325,1079 dirh=none dirv=down xh=1325 yv=1080
[2026-07-17T00:00:44] INFO: object-layout primary attempt activeHost=Siloe-1 direction=down x=1325 y=1080
[2026-07-17T00:00:44] INFO: object-layout evaluate activeClient=Siloe-1 activeLayout=Siloe:Siloe-1 sourceScreen=Siloe:Siloe-1 absolute=yes local=1325,1080 localScreen=0,0 1920x1080 direction=down global=1325,1080
[2026-07-17T00:00:44] INFO: object-layout resolve sourceScreen=Siloe:Siloe-1 direction=down directDestination=<none> directionalDestination=KANAAN:KANAAN-2 resolvedDestination=KANAAN:KANAAN-2
[2026-07-17T00:00:44] INFO: object-layout switch rejected sourceScreen=Siloe:Siloe-1 resolvedDestination=KANAAN:KANAAN-2 reason=no-destination-client
[2026-07-17T00:00:44] INFO: object-layout primary attempts-failed activeHost=Siloe-1 pos=1325,1079
[2026-07-17T00:00:44] INFO: object-layout primary edge activeHost=Siloe-1 pos=1317,1079 dirh=none dirv=down xh=1317 yv=1080
[2026-07-17T00:00:44] INFO: object-layout primary attempt activeHost=Siloe-1 direction=down x=1317 y=1080
[2026-07-17T00:00:44] INFO: object-layout evaluate activeClient=Siloe-1 activeLayout=Siloe:Siloe-1 sourceScreen=Siloe:Siloe-1 absolute=yes local=1317,1080 localScreen=0,0 1920x1080 direction=down global=1317,1080
[2026-07-17T00:00:44] INFO: object-layout resolve sourceScreen=Siloe:Siloe-1 direction=down directDestination=<none> directionalDestination=KANAAN:KANAAN-2 resolvedDestination=KANAAN:KANAAN-2
[2026-07-17T00:00:44] INFO: object-layout switch rejected sourceScreen=Siloe:Siloe-1 resolvedDestination=KANAAN:KANAAN-2 reason=no-destination-client
[2026-07-17T00:00:44] INFO: object-layout primary attempts-failed activeHost=Siloe-1 pos=1317,1079
[2026-07-17T00:00:44] INFO: object-layout primary edge activeHost=Siloe-1 pos=1311,1079 dirh=none dirv=down xh=1311 yv=1080
[2026-07-17T00:00:44] INFO: object-layout primary attempt activeHost=Siloe-1 direction=down x=1311 y=1080
[2026-07-17T00:00:44] INFO: object-layout evaluate activeClient=Siloe-1 activeLayout=Siloe:Siloe-1 sourceScreen=Siloe:Siloe-1 absolute=yes local=1311,1080 localScreen=0,0 1920x1080 direction=down global=1311,1080
[2026-07-17T00:00:44] INFO: object-layout resolve sourceScreen=Siloe:Siloe-1 direction=down directDestination=<none> directionalDestination=KANAAN:KANAAN-2 resolvedDestination=KANAAN:KANAAN-2
[2026-07-17T00:00:44] INFO: object-layout switch rejected sourceScreen=Siloe:Siloe-1 resolvedDestination=KANAAN:KANAAN-2 reason=no-destination-client
[2026-07-17T00:00:44] INFO: object-layout primary attempts-failed activeHost=Siloe-1 pos=1311,1079
[2026-07-17T00:00:44] INFO: object-layout primary edge activeHost=Siloe-1 pos=1307,1079 dirh=none dirv=down xh=1307 yv=1080
[2026-07-17T00:00:44] INFO: object-layout primary attempt activeHost=Siloe-1 direction=down x=1307 y=1080
[2026-07-17T00:00:44] INFO: object-layout evaluate activeClient=Siloe-1 activeLayout=Siloe:Siloe-1 sourceScreen=Siloe:Siloe-1 absolute=yes local=1307,1080 localScreen=0,0 1920x1080 direction=down global=1307,1080
[2026-07-17T00:00:44] INFO: object-layout resolve sourceScreen=Siloe:Siloe-1 direction=down directDestination=<none> directionalDestination=KANAAN:KANAAN-2 resolvedDestination=KANAAN:KANAAN-2
[2026-07-17T00:00:44] INFO: object-layout switch rejected sourceScreen=Siloe:Siloe-1 resolvedDestination=KANAAN:KANAAN-2 reason=no-destination-client
[2026-07-17T00:00:44] INFO: object-layout primary attempts-failed activeHost=Siloe-1 pos=1307,1079
[2026-07-17T00:00:44] INFO: object-layout primary edge activeHost=Siloe-1 pos=1306,1079 dirh=none dirv=down xh=1306 yv=1080
[2026-07-17T00:00:44] INFO: object-layout primary attempt activeHost=Siloe-1 direction=down x=1306 y=1080
[2026-07-17T00:00:44] INFO: object-layout evaluate activeClient=Siloe-1 activeLayout=Siloe:Siloe-1 sourceScreen=Siloe:Siloe-1 absolute=yes local=1306,1080 localScreen=0,0 1920x1080 direction=down global=1306,1080
[2026-07-17T00:00:44] INFO: object-layout resolve sourceScreen=Siloe:Siloe-1 direction=down directDestination=<none> directionalDestination=KANAAN:KANAAN-2 resolvedDestination=KANAAN:KANAAN-2
[2026-07-17T00:00:44] INFO: object-layout switch rejected sourceScreen=Siloe:Siloe-1 resolvedDestination=KANAAN:KANAAN-2 reason=no-destination-client
[2026-07-17T00:00:44] INFO: object-layout primary attempts-failed activeHost=Siloe-1 pos=1306,1079
[2026-07-17T00:00:44] INFO: object-layout primary edge activeHost=Siloe-1 pos=1305,1079 dirh=none dirv=down xh=1305 yv=1080
[2026-07-17T00:00:44] INFO: object-layout primary attempt activeHost=Siloe-1 direction=down x=1305 y=1080
[2026-07-17T00:00:44] INFO: object-layout evaluate activeClient=Siloe-1 activeLayout=Siloe:Siloe-1 sourceScreen=Siloe:Siloe-1 absolute=yes local=1305,1080 localScreen=0,0 1920x1080 direction=down global=1305,1080
[2026-07-17T00:00:44] INFO: object-layout resolve sourceScreen=Siloe:Siloe-1 direction=down directDestination=<none> directionalDestination=KANAAN:KANAAN-2 resolvedDestination=KANAAN:KANAAN-2
[2026-07-17T00:00:44] INFO: object-layout switch rejected sourceScreen=Siloe:Siloe-1 resolvedDestination=KANAAN:KANAAN-2 reason=no-destination-client
[2026-07-17T00:00:44] INFO: object-layout primary attempts-failed activeHost=Siloe-1 pos=1305,1079
[2026-07-17T00:00:44] INFO: object-layout primary edge activeHost=Siloe-1 pos=1304,1079 dirh=none dirv=down xh=1304 yv=1080
[2026-07-17T00:00:44] INFO: object-layout primary attempt activeHost=Siloe-1 direction=down x=1304 y=1080
[2026-07-17T00:00:44] INFO: object-layout evaluate activeClient=Siloe-1 activeLayout=Siloe:Siloe-1 sourceScreen=Siloe:Siloe-1 absolute=yes local=1304,1080 localScreen=0,0 1920x1080 direction=down global=1304,1080
[2026-07-17T00:00:44] INFO: object-layout resolve sourceScreen=Siloe:Siloe-1 direction=down directDestination=<none> directionalDestination=KANAAN:KANAAN-2 resolvedDestination=KANAAN:KANAAN-2
[2026-07-17T00:00:44] INFO: object-layout switch rejected sourceScreen=Siloe:Siloe-1 resolvedDestination=KANAAN:KANAAN-2 reason=no-destination-client
[2026-07-17T00:00:44] INFO: object-layout primary attempts-failed activeHost=Siloe-1 pos=1304,1079
[2026-07-17T00:00:44] INFO: object-layout primary edge activeHost=Siloe-1 pos=1305,1079 dirh=none dirv=down xh=1305 yv=1080
[2026-07-17T00:00:44] INFO: object-layout primary attempt activeHost=Siloe-1 direction=down x=1305 y=1080
[2026-07-17T00:00:44] INFO: object-layout evaluate activeClient=Siloe-1 activeLayout=Siloe:Siloe-1 sourceScreen=Siloe:Siloe-1 absolute=yes local=1305,1080 localScreen=0,0 1920x1080 direction=down global=1305,1080
[2026-07-17T00:00:44] INFO: object-layout resolve sourceScreen=Siloe:Siloe-1 direction=down directDestination=<none> directionalDestination=KANAAN:KANAAN-2 resolvedDestination=KANAAN:KANAAN-2
[2026-07-17T00:00:44] INFO: object-layout switch rejected sourceScreen=Siloe:Siloe-1 resolvedDestination=KANAAN:KANAAN-2 reason=no-destination-client
[2026-07-17T00:00:44] INFO: object-layout primary attempts-failed activeHost=Siloe-1 pos=1305,1079
[2026-07-17T00:00:44] INFO: object-layout primary edge activeHost=Siloe-1 pos=1306,1079 dirh=none dirv=down xh=1306 yv=1080
[2026-07-17T00:00:44] INFO: object-layout primary attempt activeHost=Siloe-1 direction=down x=1306 y=1080
[2026-07-17T00:00:44] INFO: object-layout evaluate activeClient=Siloe-1 activeLayout=Siloe:Siloe-1 sourceScreen=Siloe:Siloe-1 absolute=yes local=1306,1080 localScreen=0,0 1920x1080 direction=down global=1306,1080
[2026-07-17T00:00:44] INFO: object-layout resolve sourceScreen=Siloe:Siloe-1 direction=down directDestination=<none> directionalDestination=KANAAN:KANAAN-2 resolvedDestination=KANAAN:KANAAN-2
[2026-07-17T00:00:44] INFO: object-layout switch rejected sourceScreen=Siloe:Siloe-1 resolvedDestination=KANAAN:KANAAN-2 reason=no-destination-client
[2026-07-17T00:00:44] INFO: object-layout primary attempts-failed activeHost=Siloe-1 pos=1306,1079
[2026-07-17T00:00:44] INFO: object-layout primary edge activeHost=Siloe-1 pos=1307,1079 dirh=none dirv=down xh=1307 yv=1080
[2026-07-17T00:00:44] INFO: object-layout primary attempt activeHost=Siloe-1 direction=down x=1307 y=1080
[2026-07-17T00:00:44] INFO: object-layout evaluate activeClient=Siloe-1 activeLayout=Siloe:Siloe-1 sourceScreen=Siloe:Siloe-1 absolute=yes local=1307,1080 localScreen=0,0 1920x1080 direction=down global=1307,1080
[2026-07-17T00:00:44] INFO: object-layout resolve sourceScreen=Siloe:Siloe-1 direction=down directDestination=<none> directionalDestination=KANAAN:KANAAN-2 resolvedDestination=KANAAN:KANAAN-2
[2026-07-17T00:00:44] INFO: object-layout switch rejected sourceScreen=Siloe:Siloe-1 resolvedDestination=KANAAN:KANAAN-2 reason=no-destination-client
[2026-07-17T00:00:44] INFO: object-layout primary attempts-failed activeHost=Siloe-1 pos=1307,1079
[2026-07-17T00:00:44] INFO: object-layout primary edge activeHost=Siloe-1 pos=1308,1079 dirh=none dirv=down xh=1308 yv=1080
[2026-07-17T00:00:44] INFO: object-layout primary attempt activeHost=Siloe-1 direction=down x=1308 y=1080
[2026-07-17T00:00:44] INFO: object-layout evaluate activeClient=Siloe-1 activeLayout=Siloe:Siloe-1 sourceScreen=Siloe:Siloe-1 absolute=yes local=1308,1080 localScreen=0,0 1920x1080 direction=down global=1308,1080
[2026-07-17T00:00:44] INFO: object-layout resolve sourceScreen=Siloe:Siloe-1 direction=down directDestination=<none> directionalDestination=KANAAN:KANAAN-2 resolvedDestination=KANAAN:KANAAN-2
[2026-07-17T00:00:44] INFO: object-layout switch rejected sourceScreen=Siloe:Siloe-1 resolvedDestination=KANAAN:KANAAN-2 reason=no-destination-client
[2026-07-17T00:00:44] INFO: object-layout primary attempts-failed activeHost=Siloe-1 pos=1308,1079
[2026-07-17T00:00:44] INFO: object-layout primary edge activeHost=Siloe-1 pos=1307,1079 dirh=none dirv=down xh=1307 yv=1080
[2026-07-17T00:00:44] INFO: object-layout primary attempt activeHost=Siloe-1 direction=down x=1307 y=1080
[2026-07-17T00:00:44] INFO: object-layout evaluate activeClient=Siloe-1 activeLayout=Siloe:Siloe-1 sourceScreen=Siloe:Siloe-1 absolute=yes local=1307,1080 localScreen=0,0 1920x1080 direction=down global=1307,1080
[2026-07-17T00:00:44] INFO: object-layout resolve sourceScreen=Siloe:Siloe-1 direction=down directDestination=<none> directionalDestination=KANAAN:KANAAN-2 resolvedDestination=KANAAN:KANAAN-2
[2026-07-17T00:00:44] INFO: object-layout switch rejected sourceScreen=Siloe:Siloe-1 resolvedDestination=KANAAN:KANAAN-2 reason=no-destination-client
[2026-07-17T00:00:44] INFO: object-layout primary attempts-failed activeHost=Siloe-1 pos=1307,1079
[2026-07-17T00:00:44] INFO: object-layout primary no-edge activeHost=Siloe-1 pos=1305,1077 hostScreen=Siloe:Siloe-1 localScreen=0,0..1919,1079 desktop=0,0 1920x1080
[2026-07-17T00:00:44] INFO: object-layout primary no-edge activeHost=Siloe-1 pos=1301,1073 hostScreen=Siloe:Siloe-1 localScreen=0,0..1919,1079 desktop=0,0 1920x1080
[2026-07-17T00:00:44] INFO: object-layout primary no-edge activeHost=Siloe-1 pos=1291,1062 hostScreen=Siloe:Siloe-1 localScreen=0,0..1919,1079 desktop=0,0 1920x1080
[2026-07-17T00:00:44] INFO: object-layout primary no-edge activeHost=Siloe-1 pos=1274,1040 hostScreen=Siloe:Siloe-1 localScreen=0,0..1919,1079 desktop=0,0 1920x1080
[2026-07-17T00:00:44] INFO: object-layout primary no-edge activeHost=Siloe-1 pos=1247,1011 hostScreen=Siloe:Siloe-1 localScreen=0,0..1919,1079 desktop=0,0 1920x1080
[2026-07-17T00:00:44] INFO: object-layout primary no-edge activeHost=Siloe-1 pos=1219,987 hostScreen=Siloe:Siloe-1 localScreen=0,0..1919,1079 desktop=0,0 1920x1080
[2026-07-17T00:00:44] INFO: object-layout primary no-edge activeHost=Siloe-1 pos=1196,964 hostScreen=Siloe:Siloe-1 localScreen=0,0..1919,1079 desktop=0,0 1920x1080
[2026-07-17T00:00:44] INFO: object-layout primary no-edge activeHost=Siloe-1 pos=1171,943 hostScreen=Siloe:Siloe-1 localScreen=0,0..1919,1079 desktop=0,0 1920x1080
[2026-07-17T00:00:44] INFO: object-layout primary no-edge activeHost=Siloe-1 pos=1144,923 hostScreen=Siloe:Siloe-1 localScreen=0,0..1919,1079 desktop=0,0 1920x1080
[2026-07-17T00:00:45] INFO: object-layout primary no-edge activeHost=Siloe-1 pos=1115,901 hostScreen=Siloe:Siloe-1 localScreen=0,0..1919,1079 desktop=0,0 1920x1080
[2026-07-17T00:00:45] INFO: object-layout primary no-edge activeHost=Siloe-1 pos=1090,880 hostScreen=Siloe:Siloe-1 localScreen=0,0..1919,1079 desktop=0,0 1920x1080
[2026-07-17T00:00:45] INFO: object-layout primary no-edge activeHost=Siloe-1 pos=1061,853 hostScreen=Siloe:Siloe-1 localScreen=0,0..1919,1079 desktop=0,0 1920x1080
[2026-07-17T00:00:45] INFO: object-layout primary no-edge activeHost=Siloe-1 pos=1036,829 hostScreen=Siloe:Siloe-1 localScreen=0,0..1919,1079 desktop=0,0 1920x1080
[2026-07-17T00:00:45] INFO: object-layout primary no-edge activeHost=Siloe-1 pos=1010,803 hostScreen=Siloe:Siloe-1 localScreen=0,0..1919,1079 desktop=0,0 1920x1080
[2026-07-17T00:00:45] INFO: object-layout primary no-edge activeHost=Siloe-1 pos=986,778 hostScreen=Siloe:Siloe-1 localScreen=0,0..1919,1079 desktop=0,0 1920x1080
[2026-07-17T00:00:45] INFO: object-layout primary no-edge activeHost=Siloe-1 pos=962,752 hostScreen=Siloe:Siloe-1 localScreen=0,0..1919,1079 desktop=0,0 1920x1080
[2026-07-17T00:00:45] INFO: object-layout primary no-edge activeHost=Siloe-1 pos=940,729 hostScreen=Siloe:Siloe-1 localScreen=0,0..1919,1079 desktop=0,0 1920x1080
[2026-07-17T00:00:45] INFO: object-layout primary no-edge activeHost=Siloe-1 pos=919,707 hostScreen=Siloe:Siloe-1 localScreen=0,0..1919,1079 desktop=0,0 1920x1080
[2026-07-17T00:00:45] INFO: object-layout primary no-edge activeHost=Siloe-1 pos=900,688 hostScreen=Siloe:Siloe-1 localScreen=0,0..1919,1079 desktop=0,0 1920x1080
[2026-07-17T00:00:45] INFO: object-layout primary no-edge activeHost=Siloe-1 pos=883,669 hostScreen=Siloe:Siloe-1 localScreen=0,0..1919,1079 desktop=0,0 1920x1080
[2026-07-17T00:00:45] INFO: object-layout primary no-edge activeHost=Siloe-1 pos=866,650 hostScreen=Siloe:Siloe-1 localScreen=0,0..1919,1079 desktop=0,0 1920x1080
[2026-07-17T00:00:45] INFO: object-layout primary no-edge activeHost=Siloe-1 pos=849,632 hostScreen=Siloe:Siloe-1 localScreen=0,0..1919,1079 desktop=0,0 1920x1080
[2026-07-17T00:00:45] INFO: object-layout primary no-edge activeHost=Siloe-1 pos=835,616 hostScreen=Siloe:Siloe-1 localScreen=0,0..1919,1079 desktop=0,0 1920x1080
[2026-07-17T00:00:45] INFO: object-layout primary no-edge activeHost=Siloe-1 pos=820,602 hostScreen=Siloe:Siloe-1 localScreen=0,0..1919,1079 desktop=0,0 1920x1080
[2026-07-17T00:00:45] INFO: object-layout primary no-edge activeHost=Siloe-1 pos=807,591 hostScreen=Siloe:Siloe-1 localScreen=0,0..1919,1079 desktop=0,0 1920x1080
[2026-07-17T00:00:45] INFO: object-layout primary no-edge activeHost=Siloe-1 pos=794,581 hostScreen=Siloe:Siloe-1 localScreen=0,0..1919,1079 desktop=0,0 1920x1080
[2026-07-17T00:00:45] INFO: object-layout primary no-edge activeHost=Siloe-1 pos=784,572 hostScreen=Siloe:Siloe-1 localScreen=0,0..1919,1079 desktop=0,0 1920x1080
[2026-07-17T00:00:45] INFO: object-layout primary no-edge activeHost=Siloe-1 pos=774,564 hostScreen=Siloe:Siloe-1 localScreen=0,0..1919,1079 desktop=0,0 1920x1080
[2026-07-17T00:00:45] INFO: object-layout primary no-edge activeHost=Siloe-1 pos=765,556 hostScreen=Siloe:Siloe-1 localScreen=0,0..1919,1079 desktop=0,0 1920x1080
[2026-07-17T00:00:45] INFO: object-layout primary no-edge activeHost=Siloe-1 pos=756,548 hostScreen=Siloe:Siloe-1 localScreen=0,0..1919,1079 desktop=0,0 1920x1080
[2026-07-17T00:00:45] INFO: object-layout primary no-edge activeHost=Siloe-1 pos=748,543 hostScreen=Siloe:Siloe-1 localScreen=0,0..1919,1079 desktop=0,0 1920x1080
[2026-07-17T00:00:45] INFO: object-layout primary no-edge activeHost=Siloe-1 pos=740,537 hostScreen=Siloe:Siloe-1 localScreen=0,0..1919,1079 desktop=0,0 1920x1080
[2026-07-17T00:00:45] INFO: object-layout primary no-edge activeHost=Siloe-1 pos=733,533 hostScreen=Siloe:Siloe-1 localScreen=0,0..1919,1079 desktop=0,0 1920x1080
[2026-07-17T00:00:45] INFO: object-layout primary no-edge activeHost=Siloe-1 pos=726,528 hostScreen=Siloe:Siloe-1 localScreen=0,0..1919,1079 desktop=0,0 1920x1080
[2026-07-17T00:00:45] INFO: object-layout primary no-edge activeHost=Siloe-1 pos=718,524 hostScreen=Siloe:Siloe-1 localScreen=0,0..1919,1079 desktop=0,0 1920x1080
[2026-07-17T00:00:45] INFO: object-layout primary no-edge activeHost=Siloe-1 pos=711,520 hostScreen=Siloe:Siloe-1 localScreen=0,0..1919,1079 desktop=0,0 1920x1080
[2026-07-17T00:00:45] INFO: object-layout primary no-edge activeHost=Siloe-1 pos=703,517 hostScreen=Siloe:Siloe-1 localScreen=0,0..1919,1079 desktop=0,0 1920x1080
[2026-07-17T00:00:45] INFO: object-layout primary no-edge activeHost=Siloe-1 pos=698,515 hostScreen=Siloe:Siloe-1 localScreen=0,0..1919,1079 desktop=0,0 1920x1080
[2026-07-17T00:00:45] INFO: object-layout primary no-edge activeHost=Siloe-1 pos=689,512 hostScreen=Siloe:Siloe-1 localScreen=0,0..1919,1079 desktop=0,0 1920x1080
[2026-07-17T00:00:45] INFO: object-layout primary no-edge activeHost=Siloe-1 pos=682,510 hostScreen=Siloe:Siloe-1 localScreen=0,0..1919,1079 desktop=0,0 1920x1080
[2026-07-17T00:00:45] INFO: object-layout primary no-edge activeHost=Siloe-1 pos=675,507 hostScreen=Siloe:Siloe-1 localScreen=0,0..1919,1079 desktop=0,0 1920x1080
[2026-07-17T00:00:45] INFO: object-layout primary no-edge activeHost=Siloe-1 pos=669,506 hostScreen=Siloe:Siloe-1 localScreen=0,0..1919,1079 desktop=0,0 1920x1080
[2026-07-17T00:00:45] INFO: object-layout primary no-edge activeHost=Siloe-1 pos=665,505 hostScreen=Siloe:Siloe-1 localScreen=0,0..1919,1079 desktop=0,0 1920x1080
[2026-07-17T00:00:45] INFO: object-layout primary no-edge activeHost=Siloe-1 pos=661,504 hostScreen=Siloe:Siloe-1 localScreen=0,0..1919,1079 desktop=0,0 1920x1080
[2026-07-17T00:00:45] INFO: object-layout primary no-edge activeHost=Siloe-1 pos=660,504 hostScreen=Siloe:Siloe-1 localScreen=0,0..1919,1079 desktop=0,0 1920x1080
[2026-07-17T00:00:45] INFO: object-layout primary no-edge activeHost=Siloe-1 pos=658,504 hostScreen=Siloe:Siloe-1 localScreen=0,0..1919,1079 desktop=0,0 1920x1080
[2026-07-17T00:00:45] INFO: object-layout primary no-edge activeHost=Siloe-1 pos=657,503 hostScreen=Siloe:Siloe-1 localScreen=0,0..1919,1079 desktop=0,0 1920x1080
[2026-07-17T00:00:45] INFO: object-layout primary no-edge activeHost=Siloe-1 pos=656,503 hostScreen=Siloe:Siloe-1 localScreen=0,0..1919,1079 desktop=0,0 1920x1080
[2026-07-17T00:00:45] INFO: object-layout primary no-edge activeHost=Siloe-1 pos=655,503 hostScreen=Siloe:Siloe-1 localScreen=0,0..1919,1079 desktop=0,0 1920x1080
[2026-07-17T00:00:45] INFO: object-layout primary no-edge activeHost=Siloe-1 pos=654,503 hostScreen=Siloe:Siloe-1 localScreen=0,0..1919,1079 desktop=0,0 1920x1080
[2026-07-17T00:00:45] INFO: object-layout primary no-edge activeHost=Siloe-1 pos=654,504 hostScreen=Siloe:Siloe-1 localScreen=0,0..1919,1079 desktop=0,0 1920x1080
[2026-07-17T00:00:45] INFO: object-layout primary no-edge activeHost=Siloe-1 pos=654,505 hostScreen=Siloe:Siloe-1 localScreen=0,0..1919,1079 desktop=0,0 1920x1080
[2026-07-17T00:00:45] INFO: object-layout primary no-edge activeHost=Siloe-1 pos=655,506 hostScreen=Siloe:Siloe-1 localScreen=0,0..1919,1079 desktop=0,0 1920x1080
[2026-07-17T00:00:45] INFO: object-layout primary no-edge activeHost=Siloe-1 pos=656,507 hostScreen=Siloe:Siloe-1 localScreen=0,0..1919,1079 desktop=0,0 1920x1080
[2026-07-17T00:00:45] INFO: object-layout primary no-edge activeHost=Siloe-1 pos=660,509 hostScreen=Siloe:Siloe-1 localScreen=0,0..1919,1079 desktop=0,0 1920x1080
[2026-07-17T00:00:45] INFO: object-layout primary no-edge activeHost=Siloe-1 pos=667,513 hostScreen=Siloe:Siloe-1 localScreen=0,0..1919,1079 desktop=0,0 1920x1080
[2026-07-17T00:00:45] INFO: object-layout primary no-edge activeHost=Siloe-1 pos=679,517 hostScreen=Siloe:Siloe-1 localScreen=0,0..1919,1079 desktop=0,0 1920x1080
[2026-07-17T00:00:45] INFO: object-layout primary no-edge activeHost=Siloe-1 pos=696,523 hostScreen=Siloe:Siloe-1 localScreen=0,0..1919,1079 desktop=0,0 1920x1080
[2026-07-17T00:00:45] INFO: object-layout primary no-edge activeHost=Siloe-1 pos=724,530 hostScreen=Siloe:Siloe-1 localScreen=0,0..1919,1079 desktop=0,0 1920x1080
[2026-07-17T00:00:45] INFO: object-layout primary no-edge activeHost=Siloe-1 pos=748,537 hostScreen=Siloe:Siloe-1 localScreen=0,0..1919,1079 desktop=0,0 1920x1080
[2026-07-17T00:00:45] INFO: object-layout primary no-edge activeHost=Siloe-1 pos=764,541 hostScreen=Siloe:Siloe-1 localScreen=0,0..1919,1079 desktop=0,0 1920x1080
[2026-07-17T00:00:45] INFO: object-layout primary no-edge activeHost=Siloe-1 pos=780,545 hostScreen=Siloe:Siloe-1 localScreen=0,0..1919,1079 desktop=0,0 1920x1080
[2026-07-17T00:00:45] INFO: object-layout primary no-edge activeHost=Siloe-1 pos=795,549 hostScreen=Siloe:Siloe-1 localScreen=0,0..1919,1079 desktop=0,0 1920x1080
[2026-07-17T00:00:45] INFO: object-layout primary no-edge activeHost=Siloe-1 pos=808,552 hostScreen=Siloe:Siloe-1 localScreen=0,0..1919,1079 desktop=0,0 1920x1080
[2026-07-17T00:00:45] INFO: object-layout primary no-edge activeHost=Siloe-1 pos=822,555 hostScreen=Siloe:Siloe-1 localScreen=0,0..1919,1079 desktop=0,0 1920x1080
[2026-07-17T00:00:45] INFO: object-layout primary no-edge activeHost=Siloe-1 pos=836,557 hostScreen=Siloe:Siloe-1 localScreen=0,0..1919,1079 desktop=0,0 1920x1080
[2026-07-17T00:00:45] INFO: object-layout primary no-edge activeHost=Siloe-1 pos=851,559 hostScreen=Siloe:Siloe-1 localScreen=0,0..1919,1079 desktop=0,0 1920x1080
[2026-07-17T00:00:45] INFO: object-layout primary no-edge activeHost=Siloe-1 pos=869,560 hostScreen=Siloe:Siloe-1 localScreen=0,0..1919,1079 desktop=0,0 1920x1080
[2026-07-17T00:00:45] INFO: object-layout primary no-edge activeHost=Siloe-1 pos=885,560 hostScreen=Siloe:Siloe-1 localScreen=0,0..1919,1079 desktop=0,0 1920x1080
[2026-07-17T00:00:45] INFO: object-layout primary no-edge activeHost=Siloe-1 pos=902,560 hostScreen=Siloe:Siloe-1 localScreen=0,0..1919,1079 desktop=0,0 1920x1080
[2026-07-17T00:00:45] INFO: object-layout primary no-edge activeHost=Siloe-1 pos=923,558 hostScreen=Siloe:Siloe-1 localScreen=0,0..1919,1079 desktop=0,0 1920x1080
[2026-07-17T00:00:45] INFO: object-layout primary no-edge activeHost=Siloe-1 pos=945,555 hostScreen=Siloe:Siloe-1 localScreen=0,0..1919,1079 desktop=0,0 1920x1080
[2026-07-17T00:00:45] INFO: object-layout primary no-edge activeHost=Siloe-1 pos=975,549 hostScreen=Siloe:Siloe-1 localScreen=0,0..1919,1079 desktop=0,0 1920x1080
[2026-07-17T00:00:45] INFO: object-layout primary no-edge activeHost=Siloe-1 pos=1005,542 hostScreen=Siloe:Siloe-1 localScreen=0,0..1919,1079 desktop=0,0 1920x1080
[2026-07-17T00:00:45] INFO: object-layout primary no-edge activeHost=Siloe-1 pos=1036,532 hostScreen=Siloe:Siloe-1 localScreen=0,0..1919,1079 desktop=0,0 1920x1080
[2026-07-17T00:00:45] INFO: object-layout primary no-edge activeHost=Siloe-1 pos=1070,522 hostScreen=Siloe:Siloe-1 localScreen=0,0..1919,1079 desktop=0,0 1920x1080
[2026-07-17T00:00:45] INFO: object-layout primary no-edge activeHost=Siloe-1 pos=1101,514 hostScreen=Siloe:Siloe-1 localScreen=0,0..1919,1079 desktop=0,0 1920x1080
[2026-07-17T00:00:45] INFO: object-layout primary no-edge activeHost=Siloe-1 pos=1127,509 hostScreen=Siloe:Siloe-1 localScreen=0,0..1919,1079 desktop=0,0 1920x1080
[2026-07-17T00:00:45] INFO: object-layout primary no-edge activeHost=Siloe-1 pos=1154,502 hostScreen=Siloe:Siloe-1 localScreen=0,0..1919,1079 desktop=0,0 1920x1080
[2026-07-17T00:00:45] INFO: object-layout primary no-edge activeHost=Siloe-1 pos=1177,497 hostScreen=Siloe:Siloe-1 localScreen=0,0..1919,1079 desktop=0,0 1920x1080
[2026-07-17T00:00:45] INFO: object-layout primary no-edge activeHost=Siloe-1 pos=1204,490 hostScreen=Siloe:Siloe-1 localScreen=0,0..1919,1079 desktop=0,0 1920x1080
[2026-07-17T00:00:45] INFO: object-layout primary no-edge activeHost=Siloe-1 pos=1235,482 hostScreen=Siloe:Siloe-1 localScreen=0,0..1919,1079 desktop=0,0 1920x1080
[2026-07-17T00:00:45] INFO: object-layout primary no-edge activeHost=Siloe-1 pos=1268,474 hostScreen=Siloe:Siloe-1 localScreen=0,0..1919,1079 desktop=0,0 1920x1080
[2026-07-17T00:00:45] INFO: object-layout primary no-edge activeHost=Siloe-1 pos=1302,464 hostScreen=Siloe:Siloe-1 localScreen=0,0..1919,1079 desktop=0,0 1920x1080
[2026-07-17T00:00:45] INFO: object-layout primary no-edge activeHost=Siloe-1 pos=1336,454 hostScreen=Siloe:Siloe-1 localScreen=0,0..1919,1079 desktop=0,0 1920x1080
[2026-07-17T00:00:45] INFO: object-layout primary no-edge activeHost=Siloe-1 pos=1370,444 hostScreen=Siloe:Siloe-1 localScreen=0,0..1919,1079 desktop=0,0 1920x1080
[2026-07-17T00:00:45] INFO: object-layout primary no-edge activeHost=Siloe-1 pos=1403,440 hostScreen=Siloe:Siloe-1 localScreen=0,0..1919,1079 desktop=0,0 1920x1080
[2026-07-17T00:00:45] INFO: object-layout primary no-edge activeHost=Siloe-1 pos=1432,435 hostScreen=Siloe:Siloe-1 localScreen=0,0..1919,1079 desktop=0,0 1920x1080
[2026-07-17T00:00:45] INFO: object-layout primary no-edge activeHost=Siloe-1 pos=1459,430 hostScreen=Siloe:Siloe-1 localScreen=0,0..1919,1079 desktop=0,0 1920x1080
[2026-07-17T00:00:45] INFO: object-layout primary no-edge activeHost=Siloe-1 pos=1480,428 hostScreen=Siloe:Siloe-1 localScreen=0,0..1919,1079 desktop=0,0 1920x1080
[2026-07-17T00:00:45] INFO: object-layout primary no-edge activeHost=Siloe-1 pos=1495,427 hostScreen=Siloe:Siloe-1 localScreen=0,0..1919,1079 desktop=0,0 1920x1080
[2026-07-17T00:00:45] INFO: object-layout primary no-edge activeHost=Siloe-1 pos=1510,427 hostScreen=Siloe:Siloe-1 localScreen=0,0..1919,1079 desktop=0,0 1920x1080
[2026-07-17T00:00:45] INFO: object-layout primary no-edge activeHost=Siloe-1 pos=1525,427 hostScreen=Siloe:Siloe-1 localScreen=0,0..1919,1079 desktop=0,0 1920x1080
[2026-07-17T00:00:45] INFO: object-layout primary no-edge activeHost=Siloe-1 pos=1537,428 hostScreen=Siloe:Siloe-1 localScreen=0,0..1919,1079 desktop=0,0 1920x1080
[2026-07-17T00:00:45] INFO: object-layout primary no-edge activeHost=Siloe-1 pos=1546,430 hostScreen=Siloe:Siloe-1 localScreen=0,0..1919,1079 desktop=0,0 1920x1080
[2026-07-17T00:00:45] INFO: object-layout primary no-edge activeHost=Siloe-1 pos=1553,432 hostScreen=Siloe:Siloe-1 localScreen=0,0..1919,1079 desktop=0,0 1920x1080
[2026-07-17T00:00:45] INFO: object-layout primary no-edge activeHost=Siloe-1 pos=1558,433 hostScreen=Siloe:Siloe-1 localScreen=0,0..1919,1079 desktop=0,0 1920x1080
[2026-07-17T00:00:45] INFO: object-layout primary no-edge activeHost=Siloe-1 pos=1562,435 hostScreen=Siloe:Siloe-1 localScreen=0,0..1919,1079 desktop=0,0 1920x1080
[2026-07-17T00:00:45] INFO: object-layout primary no-edge activeHost=Siloe-1 pos=1566,435 hostScreen=Siloe:Siloe-1 localScreen=0,0..1919,1079 desktop=0,0 1920x1080
[2026-07-17T00:00:45] INFO: object-layout primary no-edge activeHost=Siloe-1 pos=1569,437 hostScreen=Siloe:Siloe-1 localScreen=0,0..1919,1079 desktop=0,0 1920x1080
[2026-07-17T00:00:45] INFO: object-layout primary no-edge activeHost=Siloe-1 pos=1570,437 hostScreen=Siloe:Siloe-1 localScreen=0,0..1919,1079 desktop=0,0 1920x1080
[2026-07-17T00:00:45] INFO: object-layout primary no-edge activeHost=Siloe-1 pos=1571,438 hostScreen=Siloe:Siloe-1 localScreen=0,0..1919,1079 desktop=0,0 1920x1080
[2026-07-17T00:00:45] INFO: object-layout primary no-edge activeHost=Siloe-1 pos=1572,438 hostScreen=Siloe:Siloe-1 localScreen=0,0..1919,1079 desktop=0,0 1920x1080
[2026-07-17T00:00:45] INFO: object-layout primary no-edge activeHost=Siloe-1 pos=1573,439 hostScreen=Siloe:Siloe-1 localScreen=0,0..1919,1079 desktop=0,0 1920x1080
[2026-07-17T00:00:45] INFO: object-layout primary no-edge activeHost=Siloe-1 pos=1573,440 hostScreen=Siloe:Siloe-1 localScreen=0,0..1919,1079 desktop=0,0 1920x1080
[2026-07-17T00:00:45] INFO: object-layout primary no-edge activeHost=Siloe-1 pos=1573,441 hostScreen=Siloe:Siloe-1 localScreen=0,0..1919,1079 desktop=0,0 1920x1080
[2026-07-17T00:00:45] INFO: object-layout primary no-edge activeHost=Siloe-1 pos=1573,442 hostScreen=Siloe:Siloe-1 localScreen=0,0..1919,1079 desktop=0,0 1920x1080
[2026-07-17T00:00:45] INFO: object-layout primary no-edge activeHost=Siloe-1 pos=1573,443 hostScreen=Siloe:Siloe-1 localScreen=0,0..1919,1079 desktop=0,0 1920x1080
[2026-07-17T00:00:45] INFO: object-layout primary no-edge activeHost=Siloe-1 pos=1572,443 hostScreen=Siloe:Siloe-1 localScreen=0,0..1919,1079 desktop=0,0 1920x1080
[2026-07-17T00:00:45] INFO: object-layout primary no-edge activeHost=Siloe-1 pos=1571,443 hostScreen=Siloe:Siloe-1 localScreen=0,0..1919,1079 desktop=0,0 1920x1080
[2026-07-17T00:00:45] INFO: object-layout primary no-edge activeHost=Siloe-1 pos=1568,443 hostScreen=Siloe:Siloe-1 localScreen=0,0..1919,1079 desktop=0,0 1920x1080
[2026-07-17T00:00:45] INFO: object-layout primary no-edge activeHost=Siloe-1 pos=1559,440 hostScreen=Siloe:Siloe-1 localScreen=0,0..1919,1079 desktop=0,0 1920x1080
[2026-07-17T00:00:45] INFO: object-layout primary no-edge activeHost=Siloe-1 pos=1529,434 hostScreen=Siloe:Siloe-1 localScreen=0,0..1919,1079 desktop=0,0 1920x1080
[2026-07-17T00:00:45] INFO: object-layout primary no-edge activeHost=Siloe-1 pos=1470,427 hostScreen=Siloe:Siloe-1 localScreen=0,0..1919,1079 desktop=0,0 1920x1080
[2026-07-17T00:00:45] INFO: object-layout primary no-edge activeHost=Siloe-1 pos=1424,420 hostScreen=Siloe:Siloe-1 localScreen=0,0..1919,1079 desktop=0,0 1920x1080
[2026-07-17T00:00:45] INFO: object-layout primary no-edge activeHost=Siloe-1 pos=1381,411 hostScreen=Siloe:Siloe-1 localScreen=0,0..1919,1079 desktop=0,0 1920x1080
[2026-07-17T00:00:45] INFO: object-layout primary no-edge activeHost=Siloe-1 pos=1351,404 hostScreen=Siloe:Siloe-1 localScreen=0,0..1919,1079 desktop=0,0 1920x1080
[2026-07-17T00:00:45] INFO: object-layout primary no-edge activeHost=Siloe-1 pos=1327,397 hostScreen=Siloe:Siloe-1 localScreen=0,0..1919,1079 desktop=0,0 1920x1080
[2026-07-17T00:00:45] INFO: object-layout primary no-edge activeHost=Siloe-1 pos=1303,390 hostScreen=Siloe:Siloe-1 localScreen=0,0..1919,1079 desktop=0,0 1920x1080
[2026-07-17T00:00:45] INFO: object-layout primary no-edge activeHost=Siloe-1 pos=1276,383 hostScreen=Siloe:Siloe-1 localScreen=0,0..1919,1079 desktop=0,0 1920x1080
[2026-07-17T00:00:45] INFO: object-layout primary no-edge activeHost=Siloe-1 pos=1255,376 hostScreen=Siloe:Siloe-1 localScreen=0,0..1919,1079 desktop=0,0 1920x1080
[2026-07-17T00:00:45] INFO: object-layout primary no-edge activeHost=Siloe-1 pos=1235,370 hostScreen=Siloe:Siloe-1 localScreen=0,0..1919,1079 desktop=0,0 1920x1080
[2026-07-17T00:00:45] INFO: object-layout primary no-edge activeHost=Siloe-1 pos=1211,363 hostScreen=Siloe:Siloe-1 localScreen=0,0..1919,1079 desktop=0,0 1920x1080
[2026-07-17T00:00:45] INFO: object-layout primary no-edge activeHost=Siloe-1 pos=1187,358 hostScreen=Siloe:Siloe-1 localScreen=0,0..1919,1079 desktop=0,0 1920x1080
[2026-07-17T00:00:45] INFO: object-layout primary no-edge activeHost=Siloe-1 pos=1165,355 hostScreen=Siloe:Siloe-1 localScreen=0,0..1919,1079 desktop=0,0 1920x1080
[2026-07-17T00:00:45] INFO: object-layout primary no-edge activeHost=Siloe-1 pos=1143,352 hostScreen=Siloe:Siloe-1 localScreen=0,0..1919,1079 desktop=0,0 1920x1080
[2026-07-17T00:00:45] INFO: object-layout primary no-edge activeHost=Siloe-1 pos=1118,350 hostScreen=Siloe:Siloe-1 localScreen=0,0..1919,1079 desktop=0,0 1920x1080
[2026-07-17T00:00:45] INFO: object-layout primary no-edge activeHost=Siloe-1 pos=1093,349 hostScreen=Siloe:Siloe-1 localScreen=0,0..1919,1079 desktop=0,0 1920x1080
[2026-07-17T00:00:45] INFO: object-layout primary no-edge activeHost=Siloe-1 pos=1072,349 hostScreen=Siloe:Siloe-1 localScreen=0,0..1919,1079 desktop=0,0 1920x1080
[2026-07-17T00:00:45] INFO: object-layout primary no-edge activeHost=Siloe-1 pos=1051,349 hostScreen=Siloe:Siloe-1 localScreen=0,0..1919,1079 desktop=0,0 1920x1080
[2026-07-17T00:00:45] INFO: object-layout primary no-edge activeHost=Siloe-1 pos=1029,351 hostScreen=Siloe:Siloe-1 localScreen=0,0..1919,1079 desktop=0,0 1920x1080
[2026-07-17T00:00:45] INFO: object-layout primary no-edge activeHost=Siloe-1 pos=1008,352 hostScreen=Siloe:Siloe-1 localScreen=0,0..1919,1079 desktop=0,0 1920x1080
[2026-07-17T00:00:45] INFO: object-layout primary no-edge activeHost=Siloe-1 pos=985,355 hostScreen=Siloe:Siloe-1 localScreen=0,0..1919,1079 desktop=0,0 1920x1080
[2026-07-17T00:00:46] INFO: object-layout primary no-edge activeHost=Siloe-1 pos=967,357 hostScreen=Siloe:Siloe-1 localScreen=0,0..1919,1079 desktop=0,0 1920x1080
[2026-07-17T00:00:46] INFO: object-layout primary no-edge activeHost=Siloe-1 pos=950,358 hostScreen=Siloe:Siloe-1 localScreen=0,0..1919,1079 desktop=0,0 1920x1080
[2026-07-17T00:00:46] INFO: object-layout primary no-edge activeHost=Siloe-1 pos=932,360 hostScreen=Siloe:Siloe-1 localScreen=0,0..1919,1079 desktop=0,0 1920x1080
[2026-07-17T00:00:46] INFO: object-layout primary no-edge activeHost=Siloe-1 pos=916,360 hostScreen=Siloe:Siloe-1 localScreen=0,0..1919,1079 desktop=0,0 1920x1080
[2026-07-17T00:00:46] INFO: object-layout primary no-edge activeHost=Siloe-1 pos=902,361 hostScreen=Siloe:Siloe-1 localScreen=0,0..1919,1079 desktop=0,0 1920x1080
[2026-07-17T00:00:46] INFO: object-layout primary no-edge activeHost=Siloe-1 pos=887,361 hostScreen=Siloe:Siloe-1 localScreen=0,0..1919,1079 desktop=0,0 1920x1080
[2026-07-17T00:00:46] INFO: object-layout primary no-edge activeHost=Siloe-1 pos=874,361 hostScreen=Siloe:Siloe-1 localScreen=0,0..1919,1079 desktop=0,0 1920x1080
[2026-07-17T00:00:46] INFO: object-layout primary no-edge activeHost=Siloe-1 pos=861,361 hostScreen=Siloe:Siloe-1 localScreen=0,0..1919,1079 desktop=0,0 1920x1080
[2026-07-17T00:00:46] INFO: object-layout primary no-edge activeHost=Siloe-1 pos=849,361 hostScreen=Siloe:Siloe-1 localScreen=0,0..1919,1079 desktop=0,0 1920x1080
[2026-07-17T00:00:46] INFO: object-layout primary no-edge activeHost=Siloe-1 pos=837,361 hostScreen=Siloe:Siloe-1 localScreen=0,0..1919,1079 desktop=0,0 1920x1080
[2026-07-17T00:00:46] INFO: object-layout primary no-edge activeHost=Siloe-1 pos=826,361 hostScreen=Siloe:Siloe-1 localScreen=0,0..1919,1079 desktop=0,0 1920x1080
[2026-07-17T00:00:46] INFO: object-layout primary no-edge activeHost=Siloe-1 pos=817,361 hostScreen=Siloe:Siloe-1 localScreen=0,0..1919,1079 desktop=0,0 1920x1080
[2026-07-17T00:00:46] INFO: object-layout primary no-edge activeHost=Siloe-1 pos=805,359 hostScreen=Siloe:Siloe-1 localScreen=0,0..1919,1079 desktop=0,0 1920x1080
[2026-07-17T00:00:46] INFO: object-layout primary no-edge activeHost=Siloe-1 pos=795,358 hostScreen=Siloe:Siloe-1 localScreen=0,0..1919,1079 desktop=0,0 1920x1080
[2026-07-17T00:00:46] INFO: object-layout primary no-edge activeHost=Siloe-1 pos=787,358 hostScreen=Siloe:Siloe-1 localScreen=0,0..1919,1079 desktop=0,0 1920x1080
[2026-07-17T00:00:46] INFO: object-layout primary no-edge activeHost=Siloe-1 pos=778,357 hostScreen=Siloe:Siloe-1 localScreen=0,0..1919,1079 desktop=0,0 1920x1080
[2026-07-17T00:00:46] INFO: object-layout primary no-edge activeHost=Siloe-1 pos=773,356 hostScreen=Siloe:Siloe-1 localScreen=0,0..1919,1079 desktop=0,0 1920x1080
[2026-07-17T00:00:46] INFO: object-layout primary no-edge activeHost=Siloe-1 pos=769,355 hostScreen=Siloe:Siloe-1 localScreen=0,0..1919,1079 desktop=0,0 1920x1080
[2026-07-17T00:00:46] INFO: object-layout primary no-edge activeHost=Siloe-1 pos=765,355 hostScreen=Siloe:Siloe-1 localScreen=0,0..1919,1079 desktop=0,0 1920x1080
[2026-07-17T00:00:46] INFO: object-layout primary no-edge activeHost=Siloe-1 pos=762,354 hostScreen=Siloe:Siloe-1 localScreen=0,0..1919,1079 desktop=0,0 1920x1080
[2026-07-17T00:00:46] INFO: object-layout primary no-edge activeHost=Siloe-1 pos=760,353 hostScreen=Siloe:Siloe-1 localScreen=0,0..1919,1079 desktop=0,0 1920x1080
[2026-07-17T00:00:46] INFO: object-layout primary no-edge activeHost=Siloe-1 pos=758,352 hostScreen=Siloe:Siloe-1 localScreen=0,0..1919,1079 desktop=0,0 1920x1080
[2026-07-17T00:00:46] INFO: object-layout primary no-edge activeHost=Siloe-1 pos=756,351 hostScreen=Siloe:Siloe-1 localScreen=0,0..1919,1079 desktop=0,0 1920x1080
[2026-07-17T00:00:46] INFO: object-layout primary no-edge activeHost=Siloe-1 pos=754,350 hostScreen=Siloe:Siloe-1 localScreen=0,0..1919,1079 desktop=0,0 1920x1080
[2026-07-17T00:00:46] INFO: object-layout primary no-edge activeHost=Siloe-1 pos=752,349 hostScreen=Siloe:Siloe-1 localScreen=0,0..1919,1079 desktop=0,0 1920x1080
[2026-07-17T00:00:46] INFO: object-layout primary no-edge activeHost=Siloe-1 pos=752,348 hostScreen=Siloe:Siloe-1 localScreen=0,0..1919,1079 desktop=0,0 1920x1080
[2026-07-17T00:00:46] INFO: object-layout primary no-edge activeHost=Siloe-1 pos=752,347 hostScreen=Siloe:Siloe-1 localScreen=0,0..1919,1079 desktop=0,0 1920x1080
[2026-07-17T00:00:46] INFO: object-layout primary no-edge activeHost=Siloe-1 pos=751,347 hostScreen=Siloe:Siloe-1 localScreen=0,0..1919,1079 desktop=0,0 1920x1080
[2026-07-17T00:00:46] INFO: object-layout primary no-edge activeHost=Siloe-1 pos=751,348 hostScreen=Siloe:Siloe-1 localScreen=0,0..1919,1079 desktop=0,0 1920x1080
[2026-07-17T00:00:46] INFO: object-layout primary no-edge activeHost=Siloe-1 pos=752,349 hostScreen=Siloe:Siloe-1 localScreen=0,0..1919,1079 desktop=0,0 1920x1080
[2026-07-17T00:00:46] INFO: object-layout primary no-edge activeHost=Siloe-1 pos=753,349 hostScreen=Siloe:Siloe-1 localScreen=0,0..1919,1079 desktop=0,0 1920x1080
[2026-07-17T00:00:46] INFO: object-layout primary no-edge activeHost=Siloe-1 pos=753,350 hostScreen=Siloe:Siloe-1 localScreen=0,0..1919,1079 desktop=0,0 1920x1080
[2026-07-17T00:00:46] INFO: object-layout primary no-edge activeHost=Siloe-1 pos=754,351 hostScreen=Siloe:Siloe-1 localScreen=0,0..1919,1079 desktop=0,0 1920x1080
[2026-07-17T00:00:46] INFO: object-layout primary no-edge activeHost=Siloe-1 pos=755,351 hostScreen=Siloe:Siloe-1 localScreen=0,0..1919,1079 desktop=0,0 1920x1080
[2026-07-17T00:00:46] INFO: object-layout primary no-edge activeHost=Siloe-1 pos=756,352 hostScreen=Siloe:Siloe-1 localScreen=0,0..1919,1079 desktop=0,0 1920x1080
[2026-07-17T00:00:46] INFO: object-layout primary no-edge activeHost=Siloe-1 pos=757,354 hostScreen=Siloe:Siloe-1 localScreen=0,0..1919,1079 desktop=0,0 1920x1080
[2026-07-17T00:00:46] INFO: object-layout primary no-edge activeHost=Siloe-1 pos=760,357 hostScreen=Siloe:Siloe-1 localScreen=0,0..1919,1079 desktop=0,0 1920x1080
[2026-07-17T00:00:46] INFO: object-layout primary no-edge activeHost=Siloe-1 pos=763,361 hostScreen=Siloe:Siloe-1 localScreen=0,0..1919,1079 desktop=0,0 1920x1080
[2026-07-17T00:00:46] INFO: object-layout primary no-edge activeHost=Siloe-1 pos=771,368 hostScreen=Siloe:Siloe-1 localScreen=0,0..1919,1079 desktop=0,0 1920x1080
[2026-07-17T00:00:46] INFO: object-layout primary no-edge activeHost=Siloe-1 pos=779,378 hostScreen=Siloe:Siloe-1 localScreen=0,0..1919,1079 desktop=0,0 1920x1080
[2026-07-17T00:00:46] INFO: object-layout primary no-edge activeHost=Siloe-1 pos=792,391 hostScreen=Siloe:Siloe-1 localScreen=0,0..1919,1079 desktop=0,0 1920x1080
[2026-07-17T00:00:46] INFO: object-layout primary no-edge activeHost=Siloe-1 pos=810,409 hostScreen=Siloe:Siloe-1 localScreen=0,0..1919,1079 desktop=0,0 1920x1080
[2026-07-17T00:00:46] INFO: object-layout primary no-edge activeHost=Siloe-1 pos=836,435 hostScreen=Siloe:Siloe-1 localScreen=0,0..1919,1079 desktop=0,0 1920x1080
[2026-07-17T00:00:46] INFO: object-layout primary no-edge activeHost=Siloe-1 pos=861,466 hostScreen=Siloe:Siloe-1 localScreen=0,0..1919,1079 desktop=0,0 1920x1080
[2026-07-17T00:00:46] INFO: object-layout primary no-edge activeHost=Siloe-1 pos=883,494 hostScreen=Siloe:Siloe-1 localScreen=0,0..1919,1079 desktop=0,0 1920x1080
[2026-07-17T00:00:46] INFO: object-layout primary no-edge activeHost=Siloe-1 pos=903,525 hostScreen=Siloe:Siloe-1 localScreen=0,0..1919,1079 desktop=0,0 1920x1080
[2026-07-17T00:00:46] INFO: object-layout primary no-edge activeHost=Siloe-1 pos=926,556 hostScreen=Siloe:Siloe-1 localScreen=0,0..1919,1079 desktop=0,0 1920x1080
[2026-07-17T00:00:46] INFO: object-layout primary no-edge activeHost=Siloe-1 pos=952,591 hostScreen=Siloe:Siloe-1 localScreen=0,0..1919,1079 desktop=0,0 1920x1080
[2026-07-17T00:00:46] INFO: object-layout primary no-edge activeHost=Siloe-1 pos=978,625 hostScreen=Siloe:Siloe-1 localScreen=0,0..1919,1079 desktop=0,0 1920x1080
[2026-07-17T00:00:46] INFO: object-layout primary no-edge activeHost=Siloe-1 pos=1007,663 hostScreen=Siloe:Siloe-1 localScreen=0,0..1919,1079 desktop=0,0 1920x1080
[2026-07-17T00:00:46] INFO: object-layout primary no-edge activeHost=Siloe-1 pos=1036,701 hostScreen=Siloe:Siloe-1 localScreen=0,0..1919,1079 desktop=0,0 1920x1080
[2026-07-17T00:00:46] INFO: object-layout primary no-edge activeHost=Siloe-1 pos=1066,742 hostScreen=Siloe:Siloe-1 localScreen=0,0..1919,1079 desktop=0,0 1920x1080
[2026-07-17T00:00:46] INFO: object-layout primary no-edge activeHost=Siloe-1 pos=1100,781 hostScreen=Siloe:Siloe-1 localScreen=0,0..1919,1079 desktop=0,0 1920x1080
[2026-07-17T00:00:46] INFO: object-layout primary no-edge activeHost=Siloe-1 pos=1137,823 hostScreen=Siloe:Siloe-1 localScreen=0,0..1919,1079 desktop=0,0 1920x1080
[2026-07-17T00:00:46] INFO: object-layout primary no-edge activeHost=Siloe-1 pos=1175,868 hostScreen=Siloe:Siloe-1 localScreen=0,0..1919,1079 desktop=0,0 1920x1080
[2026-07-17T00:00:46] INFO: object-layout primary no-edge activeHost=Siloe-1 pos=1219,914 hostScreen=Siloe:Siloe-1 localScreen=0,0..1919,1079 desktop=0,0 1920x1080
[2026-07-17T00:00:46] INFO: object-layout primary no-edge activeHost=Siloe-1 pos=1265,961 hostScreen=Siloe:Siloe-1 localScreen=0,0..1919,1079 desktop=0,0 1920x1080
[2026-07-17T00:00:46] INFO: object-layout primary no-edge activeHost=Siloe-1 pos=1309,1009 hostScreen=Siloe:Siloe-1 localScreen=0,0..1919,1079 desktop=0,0 1920x1080
[2026-07-17T00:00:46] INFO: object-layout primary no-edge activeHost=Siloe-1 pos=1353,1058 hostScreen=Siloe:Siloe-1 localScreen=0,0..1919,1079 desktop=0,0 1920x1080
[2026-07-17T00:00:46] INFO: object-layout primary edge activeHost=Siloe-1 pos=1400,1079 dirh=none dirv=down xh=1400 yv=1080
[2026-07-17T00:00:46] INFO: object-layout primary attempt activeHost=Siloe-1 direction=down x=1400 y=1080
[2026-07-17T00:00:46] INFO: object-layout evaluate activeClient=Siloe-1 activeLayout=Siloe:Siloe-1 sourceScreen=Siloe:Siloe-1 absolute=yes local=1400,1080 localScreen=0,0 1920x1080 direction=down global=1400,1080
[2026-07-17T00:00:46] INFO: object-layout resolve sourceScreen=Siloe:Siloe-1 direction=down directDestination=<none> directionalDestination=KANAAN:KANAAN-2 resolvedDestination=KANAAN:KANAAN-2
[2026-07-17T00:00:46] INFO: object-layout switch rejected sourceScreen=Siloe:Siloe-1 resolvedDestination=KANAAN:KANAAN-2 reason=no-destination-client
[2026-07-17T00:00:46] INFO: object-layout primary attempts-failed activeHost=Siloe-1 pos=1400,1079
[2026-07-17T00:00:46] INFO: object-layout primary edge activeHost=Siloe-1 pos=1450,1079 dirh=none dirv=down xh=1450 yv=1080
[2026-07-17T00:00:46] INFO: object-layout primary attempt activeHost=Siloe-1 direction=down x=1450 y=1080
[2026-07-17T00:00:46] INFO: object-layout evaluate activeClient=Siloe-1 activeLayout=Siloe:Siloe-1 sourceScreen=Siloe:Siloe-1 absolute=yes local=1450,1080 localScreen=0,0 1920x1080 direction=down global=1450,1080
[2026-07-17T00:00:46] INFO: object-layout resolve sourceScreen=Siloe:Siloe-1 direction=down directDestination=<none> directionalDestination=KANAAN:KANAAN-2 resolvedDestination=KANAAN:KANAAN-2
[2026-07-17T00:00:46] INFO: object-layout switch rejected sourceScreen=Siloe:Siloe-1 resolvedDestination=KANAAN:KANAAN-2 reason=no-destination-client
[2026-07-17T00:00:46] INFO: object-layout primary attempts-failed activeHost=Siloe-1 pos=1450,1079
[2026-07-17T00:00:46] INFO: object-layout primary edge activeHost=Siloe-1 pos=1496,1079 dirh=none dirv=down xh=1496 yv=1080
[2026-07-17T00:00:46] INFO: object-layout primary attempt activeHost=Siloe-1 direction=down x=1496 y=1080
[2026-07-17T00:00:46] INFO: object-layout evaluate activeClient=Siloe-1 activeLayout=Siloe:Siloe-1 sourceScreen=Siloe:Siloe-1 absolute=yes local=1496,1080 localScreen=0,0 1920x1080 direction=down global=1496,1080
[2026-07-17T00:00:46] INFO: object-layout resolve sourceScreen=Siloe:Siloe-1 direction=down directDestination=<none> directionalDestination=KANAAN:KANAAN-2 resolvedDestination=KANAAN:KANAAN-2
[2026-07-17T00:00:46] INFO: object-layout switch rejected sourceScreen=Siloe:Siloe-1 resolvedDestination=KANAAN:KANAAN-2 reason=no-destination-client
[2026-07-17T00:00:46] INFO: object-layout primary attempts-failed activeHost=Siloe-1 pos=1496,1079
[2026-07-17T00:00:46] INFO: object-layout primary edge activeHost=Siloe-1 pos=1546,1079 dirh=none dirv=down xh=1546 yv=1080
[2026-07-17T00:00:46] INFO: object-layout primary attempt activeHost=Siloe-1 direction=down x=1546 y=1080
[2026-07-17T00:00:46] INFO: object-layout evaluate activeClient=Siloe-1 activeLayout=Siloe:Siloe-1 sourceScreen=Siloe:Siloe-1 absolute=yes local=1546,1080 localScreen=0,0 1920x1080 direction=down global=1546,1080
[2026-07-17T00:00:46] INFO: object-layout resolve sourceScreen=Siloe:Siloe-1 direction=down directDestination=<none> directionalDestination=KANAAN:KANAAN-2 resolvedDestination=KANAAN:KANAAN-2
[2026-07-17T00:00:46] INFO: object-layout switch rejected sourceScreen=Siloe:Siloe-1 resolvedDestination=KANAAN:KANAAN-2 reason=no-destination-client
[2026-07-17T00:00:46] INFO: object-layout primary attempts-failed activeHost=Siloe-1 pos=1546,1079
[2026-07-17T00:00:46] INFO: object-layout primary edge activeHost=Siloe-1 pos=1596,1079 dirh=none dirv=down xh=1596 yv=1080
[2026-07-17T00:00:46] INFO: object-layout primary attempt activeHost=Siloe-1 direction=down x=1596 y=1080
[2026-07-17T00:00:46] INFO: object-layout evaluate activeClient=Siloe-1 activeLayout=Siloe:Siloe-1 sourceScreen=Siloe:Siloe-1 absolute=yes local=1596,1080 localScreen=0,0 1920x1080 direction=down global=1596,1080
[2026-07-17T00:00:46] INFO: object-layout resolve sourceScreen=Siloe:Siloe-1 direction=down directDestination=<none> directionalDestination=KANAAN:KANAAN-2 resolvedDestination=KANAAN:KANAAN-2
[2026-07-17T00:00:46] INFO: object-layout switch rejected sourceScreen=Siloe:Siloe-1 resolvedDestination=KANAAN:KANAAN-2 reason=no-destination-client
[2026-07-17T00:00:46] INFO: object-layout primary attempts-failed activeHost=Siloe-1 pos=1596,1079
[2026-07-17T00:00:46] INFO: object-layout primary edge activeHost=Siloe-1 pos=1647,1079 dirh=none dirv=down xh=1647 yv=1080
[2026-07-17T00:00:46] INFO: object-layout primary attempt activeHost=Siloe-1 direction=down x=1647 y=1080
[2026-07-17T00:00:46] INFO: object-layout evaluate activeClient=Siloe-1 activeLayout=Siloe:Siloe-1 sourceScreen=Siloe:Siloe-1 absolute=yes local=1647,1080 localScreen=0,0 1920x1080 direction=down global=1647,1080
[2026-07-17T00:00:46] INFO: object-layout resolve sourceScreen=Siloe:Siloe-1 direction=down directDestination=<none> directionalDestination=KANAAN:KANAAN-2 resolvedDestination=KANAAN:KANAAN-2
[2026-07-17T00:00:46] INFO: object-layout switch rejected sourceScreen=Siloe:Siloe-1 resolvedDestination=KANAAN:KANAAN-2 reason=no-destination-client
[2026-07-17T00:00:46] INFO: object-layout primary attempts-failed activeHost=Siloe-1 pos=1647,1079
[2026-07-17T00:00:46] INFO: object-layout primary edge activeHost=Siloe-1 pos=1699,1079 dirh=none dirv=down xh=1699 yv=1080
[2026-07-17T00:00:46] INFO: object-layout primary attempt activeHost=Siloe-1 direction=down x=1699 y=1080
[2026-07-17T00:00:46] INFO: object-layout evaluate activeClient=Siloe-1 activeLayout=Siloe:Siloe-1 sourceScreen=Siloe:Siloe-1 absolute=yes local=1699,1080 localScreen=0,0 1920x1080 direction=down global=1699,1080
[2026-07-17T00:00:46] INFO: object-layout resolve sourceScreen=Siloe:Siloe-1 direction=down directDestination=<none> directionalDestination=KANAAN:KANAAN-2 resolvedDestination=KANAAN:KANAAN-2
[2026-07-17T00:00:46] INFO: object-layout switch rejected sourceScreen=Siloe:Siloe-1 resolvedDestination=KANAAN:KANAAN-2 reason=no-destination-client
[2026-07-17T00:00:46] INFO: object-layout primary attempts-failed activeHost=Siloe-1 pos=1699,1079
[2026-07-17T00:00:46] INFO: object-layout primary edge activeHost=Siloe-1 pos=1752,1079 dirh=none dirv=down xh=1752 yv=1080
[2026-07-17T00:00:46] INFO: object-layout primary attempt activeHost=Siloe-1 direction=down x=1752 y=1080
[2026-07-17T00:00:46] INFO: object-layout evaluate activeClient=Siloe-1 activeLayout=Siloe:Siloe-1 sourceScreen=Siloe:Siloe-1 absolute=yes local=1752,1080 localScreen=0,0 1920x1080 direction=down global=1752,1080
[2026-07-17T00:00:46] INFO: object-layout resolve sourceScreen=Siloe:Siloe-1 direction=down directDestination=<none> directionalDestination=KANAAN:KANAAN-2 resolvedDestination=KANAAN:KANAAN-2
[2026-07-17T00:00:46] INFO: object-layout switch rejected sourceScreen=Siloe:Siloe-1 resolvedDestination=KANAAN:KANAAN-2 reason=no-destination-client
[2026-07-17T00:00:46] INFO: object-layout primary attempts-failed activeHost=Siloe-1 pos=1752,1079
[2026-07-17T00:00:46] INFO: object-layout primary edge activeHost=Siloe-1 pos=1805,1079 dirh=none dirv=down xh=1805 yv=1080
[2026-07-17T00:00:46] INFO: object-layout primary attempt activeHost=Siloe-1 direction=down x=1805 y=1080
[2026-07-17T00:00:46] INFO: object-layout evaluate activeClient=Siloe-1 activeLayout=Siloe:Siloe-1 sourceScreen=Siloe:Siloe-1 absolute=yes local=1805,1080 localScreen=0,0 1920x1080 direction=down global=1805,1080
[2026-07-17T00:00:46] INFO: object-layout resolve sourceScreen=Siloe:Siloe-1 direction=down directDestination=<none> directionalDestination=KANAAN:KANAAN-2 resolvedDestination=KANAAN:KANAAN-2
[2026-07-17T00:00:46] INFO: object-layout switch rejected sourceScreen=Siloe:Siloe-1 resolvedDestination=KANAAN:KANAAN-2 reason=no-destination-client
[2026-07-17T00:00:46] INFO: object-layout primary attempts-failed activeHost=Siloe-1 pos=1805,1079
[2026-07-17T00:00:46] INFO: object-layout primary edge activeHost=Siloe-1 pos=1856,1079 dirh=none dirv=down xh=1856 yv=1080
[2026-07-17T00:00:46] INFO: object-layout primary attempt activeHost=Siloe-1 direction=down x=1856 y=1080
[2026-07-17T00:00:46] INFO: object-layout evaluate activeClient=Siloe-1 activeLayout=Siloe:Siloe-1 sourceScreen=Siloe:Siloe-1 absolute=yes local=1856,1080 localScreen=0,0 1920x1080 direction=down global=1856,1080
[2026-07-17T00:00:46] INFO: object-layout resolve sourceScreen=Siloe:Siloe-1 direction=down directDestination=<none> directionalDestination=KANAAN:KANAAN-2 resolvedDestination=KANAAN:KANAAN-2
[2026-07-17T00:00:46] INFO: object-layout switch rejected sourceScreen=Siloe:Siloe-1 resolvedDestination=KANAAN:KANAAN-2 reason=no-destination-client
[2026-07-17T00:00:46] INFO: object-layout primary attempts-failed activeHost=Siloe-1 pos=1856,1079
[2026-07-17T00:00:46] INFO: object-layout primary edge activeHost=Siloe-1 pos=1914,1079 dirh=none dirv=down xh=1914 yv=1080
[2026-07-17T00:00:46] INFO: object-layout primary attempt activeHost=Siloe-1 direction=down x=1914 y=1080
[2026-07-17T00:00:46] INFO: object-layout evaluate activeClient=Siloe-1 activeLayout=Siloe:Siloe-1 sourceScreen=Siloe:Siloe-1 absolute=yes local=1914,1080 localScreen=0,0 1920x1080 direction=down global=1914,1080
[2026-07-17T00:00:46] INFO: object-layout resolve sourceScreen=Siloe:Siloe-1 direction=down directDestination=<none> directionalDestination=KANAAN:KANAAN-2 resolvedDestination=KANAAN:KANAAN-2
[2026-07-17T00:00:46] INFO: object-layout switch rejected sourceScreen=Siloe:Siloe-1 resolvedDestination=KANAAN:KANAAN-2 reason=no-destination-client
[2026-07-17T00:00:46] INFO: object-layout primary attempts-failed activeHost=Siloe-1 pos=1914,1079
[2026-07-17T00:00:46] INFO: object-layout primary edge activeHost=Siloe-1 pos=1919,1079 dirh=right dirv=down xh=1920 yv=1080
[2026-07-17T00:00:46] INFO: object-layout primary attempt activeHost=Siloe-1 direction=right x=1920 y=1079
[2026-07-17T00:00:46] INFO: object-layout evaluate activeClient=Siloe-1 activeLayout=Siloe:Siloe-1 sourceScreen=Siloe:Siloe-1 absolute=yes local=1920,1079 localScreen=0,0 1920x1080 direction=right global=1920,1079
[2026-07-17T00:00:46] INFO: object-layout resolve sourceScreen=Siloe:Siloe-1 direction=right directDestination=<none> directionalDestination=mamre:mamre-1 resolvedDestination=mamre:mamre-1
[2026-07-17T00:00:46] INFO: object-layout switch rejected sourceScreen=Siloe:Siloe-1 resolvedDestination=mamre:mamre-1 reason=no-destination-client
[2026-07-17T00:00:46] INFO: object-layout primary attempt activeHost=Siloe-1 direction=down x=1919 y=1080
[2026-07-17T00:00:46] INFO: object-layout evaluate activeClient=Siloe-1 activeLayout=Siloe:Siloe-1 sourceScreen=Siloe:Siloe-1 absolute=yes local=1919,1080 localScreen=0,0 1920x1080 direction=down global=1919,1080
[2026-07-17T00:00:46] INFO: object-layout resolve sourceScreen=Siloe:Siloe-1 direction=down directDestination=<none> directionalDestination=KANAAN:KANAAN-2 resolvedDestination=KANAAN:KANAAN-2
[2026-07-17T00:00:46] INFO: object-layout switch rejected sourceScreen=Siloe:Siloe-1 resolvedDestination=KANAAN:KANAAN-2 reason=no-destination-client
[2026-07-17T00:00:46] INFO: object-layout primary attempts-failed activeHost=Siloe-1 pos=1919,1079
[2026-07-17T00:00:46] INFO: object-layout primary no-edge activeHost=Siloe-1 pos=1867,1053 hostScreen=Siloe:Siloe-1 localScreen=0,0..1919,1079 desktop=0,0 1920x1080
[2026-07-17T00:00:46] INFO: object-layout primary no-edge activeHost=Siloe-1 pos=1794,1017 hostScreen=Siloe:Siloe-1 localScreen=0,0..1919,1079 desktop=0,0 1920x1080
[2026-07-17T00:00:47] INFO: object-layout primary no-edge activeHost=Siloe-1 pos=1721,978 hostScreen=Siloe:Siloe-1 localScreen=0,0..1919,1079 desktop=0,0 1920x1080
[2026-07-17T00:00:47] INFO: object-layout primary no-edge activeHost=Siloe-1 pos=1641,938 hostScreen=Siloe:Siloe-1 localScreen=0,0..1919,1079 desktop=0,0 1920x1080
[2026-07-17T00:00:47] INFO: object-layout primary no-edge activeHost=Siloe-1 pos=1565,901 hostScreen=Siloe:Siloe-1 localScreen=0,0..1919,1079 desktop=0,0 1920x1080
[2026-07-17T00:00:47] INFO: object-layout primary no-edge activeHost=Siloe-1 pos=1486,864 hostScreen=Siloe:Siloe-1 localScreen=0,0..1919,1079 desktop=0,0 1920x1080
[2026-07-17T00:00:47] INFO: object-layout primary no-edge activeHost=Siloe-1 pos=1409,825 hostScreen=Siloe:Siloe-1 localScreen=0,0..1919,1079 desktop=0,0 1920x1080
[2026-07-17T00:00:47] INFO: object-layout primary no-edge activeHost=Siloe-1 pos=1330,788 hostScreen=Siloe:Siloe-1 localScreen=0,0..1919,1079 desktop=0,0 1920x1080
[2026-07-17T00:00:47] INFO: object-layout primary no-edge activeHost=Siloe-1 pos=1251,753 hostScreen=Siloe:Siloe-1 localScreen=0,0..1919,1079 desktop=0,0 1920x1080
[2026-07-17T00:00:47] INFO: object-layout primary no-edge activeHost=Siloe-1 pos=1165,721 hostScreen=Siloe:Siloe-1 localScreen=0,0..1919,1079 desktop=0,0 1920x1080
[2026-07-17T00:00:47] INFO: object-layout primary no-edge activeHost=Siloe-1 pos=1077,689 hostScreen=Siloe:Siloe-1 localScreen=0,0..1919,1079 desktop=0,0 1920x1080
[2026-07-17T00:00:47] INFO: object-layout primary no-edge activeHost=Siloe-1 pos=989,660 hostScreen=Siloe:Siloe-1 localScreen=0,0..1919,1079 desktop=0,0 1920x1080
[2026-07-17T00:00:47] INFO: object-layout primary no-edge activeHost=Siloe-1 pos=897,630 hostScreen=Siloe:Siloe-1 localScreen=0,0..1919,1079 desktop=0,0 1920x1080
[2026-07-17T00:00:47] INFO: object-layout primary no-edge activeHost=Siloe-1 pos=803,603 hostScreen=Siloe:Siloe-1 localScreen=0,0..1919,1079 desktop=0,0 1920x1080
[2026-07-17T00:00:47] INFO: object-layout primary no-edge activeHost=Siloe-1 pos=705,579 hostScreen=Siloe:Siloe-1 localScreen=0,0..1919,1079 desktop=0,0 1920x1080
[2026-07-17T00:00:47] INFO: object-layout primary no-edge activeHost=Siloe-1 pos=604,552 hostScreen=Siloe:Siloe-1 localScreen=0,0..1919,1079 desktop=0,0 1920x1080
[2026-07-17T00:00:47] INFO: object-layout primary no-edge activeHost=Siloe-1 pos=500,527 hostScreen=Siloe:Siloe-1 localScreen=0,0..1919,1079 desktop=0,0 1920x1080
[2026-07-17T00:00:47] INFO: object-layout primary no-edge activeHost=Siloe-1 pos=390,505 hostScreen=Siloe:Siloe-1 localScreen=0,0..1919,1079 desktop=0,0 1920x1080
[2026-07-17T00:00:47] INFO: object-layout primary no-edge activeHost=Siloe-1 pos=287,486 hostScreen=Siloe:Siloe-1 localScreen=0,0..1919,1079 desktop=0,0 1920x1080
[2026-07-17T00:00:47] INFO: object-layout primary no-edge activeHost=Siloe-1 pos=186,467 hostScreen=Siloe:Siloe-1 localScreen=0,0..1919,1079 desktop=0,0 1920x1080
[2026-07-17T00:00:47] INFO: object-layout primary no-edge activeHost=Siloe-1 pos=90,448 hostScreen=Siloe:Siloe-1 localScreen=0,0..1919,1079 desktop=0,0 1920x1080
[2026-07-17T00:00:47] INFO: object-layout primary edge activeHost=Siloe-1 pos=0,427 dirh=left dirv=none xh=-1 yv=427
[2026-07-17T00:00:47] INFO: object-layout primary attempt activeHost=Siloe-1 direction=left x=-1 y=427
[2026-07-17T00:00:47] INFO: object-layout evaluate activeClient=Siloe-1 activeLayout=Siloe:Siloe-1 sourceScreen=Siloe:Siloe-1 absolute=yes local=-1,427 localScreen=0,0 1920x1080 direction=left global=-1,427
[2026-07-17T00:00:47] INFO: object-layout resolve sourceScreen=Siloe:Siloe-1 direction=left directDestination=<none> directionalDestination=BluetoothPi:BluetoothPi-1 resolvedDestination=BluetoothPi:BluetoothPi-1
[2026-07-17T00:00:47] INFO: object-layout target sourceScreen=Siloe:Siloe-1 destinationScreen=BluetoothPi:BluetoothPi-1 destinationRect=-1920,0 1920x1080 target=-1,427 direction=left
[2026-07-17T00:00:47] INFO: object-layout switch accepted sourceScreen=Siloe:Siloe-1 destination=BluetoothPi:BluetoothPi-1 client=BluetoothPi target=-1,427
[2026-07-17T00:00:47] INFO: switch from "Siloe-1" to "BluetoothPi" at -1,427
[2026-07-17T00:00:47] INFO: leaving screen
[2026-07-17T00:00:47] INFO: screen "Siloe-1" updated clipboard 0
[2026-07-17T00:00:47] INFO: screen "Siloe-1" updated clipboard 1
[2026-07-17T00:00:47] NOTE: bluetooth bridge connected host=BluetoothPi endpoint=10.1.30.33:24810
[2026-07-17T00:00:47] INFO: object-layout evaluate activeClient=BluetoothPi activeLayout=BluetoothPi:BluetoothPi-1 sourceScreen=BluetoothPi:BluetoothPi-1 absolute=no local=5,429 localScreen=-1920,0 1920x1080 direction=right global=5,429
[2026-07-17T00:00:47] INFO: object-layout resolve sourceScreen=BluetoothPi:BluetoothPi-1 direction=right directDestination=<none> directionalDestination=Siloe:Siloe-1 resolvedDestination=Siloe:Siloe-1
[2026-07-17T00:00:47] INFO: object-layout target sourceScreen=BluetoothPi:BluetoothPi-1 destinationScreen=Siloe:Siloe-1 destinationRect=0,0 1920x1080 target=0,429 direction=right
[2026-07-17T00:00:47] INFO: object-layout switch blocked reason=recent-reverse activeHost=BluetoothPi activeScreen=BluetoothPi:BluetoothPi-1 targetHost=Siloe-1 targetScreen=Siloe:Siloe-1 direction=right elapsedMs=144
[2026-07-17T00:00:47] INFO: object-layout switch blocked sourceScreen=BluetoothPi:BluetoothPi-1 destination=Siloe:Siloe-1 client=Siloe-1 target=0,429
[2026-07-17T00:00:47] INFO: object-layout recent reverse guard cleared activeHost=BluetoothPi activeScreen=BluetoothPi:BluetoothPi-1 pos=-4,429 direction=left
[2026-07-17T00:00:47] INFO: object-layout hard-edge gate activeHost=BluetoothPi sourceScreen=BluetoothPi:BluetoothPi-1 current=-3,435 delta=4,4 requested=1,439 edge=-1,439
[2026-07-17T00:00:47] INFO: object-layout evaluate activeClient=BluetoothPi activeLayout=BluetoothPi:BluetoothPi-1 sourceScreen=BluetoothPi:BluetoothPi-1 absolute=no local=2,438 localScreen=-1920,0 1920x1080 direction=right global=2,438
[2026-07-17T00:00:47] INFO: object-layout resolve sourceScreen=BluetoothPi:BluetoothPi-1 direction=right directDestination=<none> directionalDestination=Siloe:Siloe-1 resolvedDestination=Siloe:Siloe-1
[2026-07-17T00:00:47] INFO: object-layout target sourceScreen=BluetoothPi:BluetoothPi-1 destinationScreen=Siloe:Siloe-1 destinationRect=0,0 1920x1080 target=0,438 direction=right
[2026-07-17T00:00:47] INFO: object-layout switch accepted sourceScreen=BluetoothPi:BluetoothPi-1 destination=Siloe:Siloe-1 client=Siloe-1 target=0,438
[2026-07-17T00:00:47] INFO: switch from "BluetoothPi" to "Siloe-1" at 0,438
[2026-07-17T00:00:47] INFO: entering screen
[2026-07-17T00:00:47] INFO: object-layout recent reverse guard cleared activeHost=Siloe-1 activeScreen=Siloe:Siloe-1 pos=1,438 direction=right
[2026-07-17T00:00:47] INFO: object-layout primary no-edge activeHost=Siloe-1 pos=1,438 hostScreen=Siloe:Siloe-1 localScreen=0,0..1919,1079 desktop=0,0 1920x1080
[2026-07-17T00:00:47] INFO: object-layout primary no-edge activeHost=Siloe-1 pos=2,438 hostScreen=Siloe:Siloe-1 localScreen=0,0..1919,1079 desktop=0,0 1920x1080
[2026-07-17T00:00:47] INFO: object-layout primary no-edge activeHost=Siloe-1 pos=2,437 hostScreen=Siloe:Siloe-1 localScreen=0,0..1919,1079 desktop=0,0 1920x1080
[2026-07-17T00:00:47] INFO: object-layout primary no-edge activeHost=Siloe-1 pos=1,436 hostScreen=Siloe:Siloe-1 localScreen=0,0..1919,1079 desktop=0,0 1920x1080
[2026-07-17T00:00:47] INFO: object-layout primary edge activeHost=Siloe-1 pos=0,433 dirh=left dirv=none xh=-1 yv=433
[2026-07-17T00:00:47] INFO: object-layout primary attempt activeHost=Siloe-1 direction=left x=-1 y=433
[2026-07-17T00:00:47] INFO: object-layout evaluate activeClient=Siloe-1 activeLayout=Siloe:Siloe-1 sourceScreen=Siloe:Siloe-1 absolute=yes local=-1,433 localScreen=0,0 1920x1080 direction=left global=-1,433
[2026-07-17T00:00:47] INFO: object-layout resolve sourceScreen=Siloe:Siloe-1 direction=left directDestination=<none> directionalDestination=BluetoothPi:BluetoothPi-1 resolvedDestination=BluetoothPi:BluetoothPi-1
[2026-07-17T00:00:47] INFO: object-layout target sourceScreen=Siloe:Siloe-1 destinationScreen=BluetoothPi:BluetoothPi-1 destinationRect=-1920,0 1920x1080 target=-1,433 direction=left
[2026-07-17T00:00:47] INFO: object-layout switch accepted sourceScreen=Siloe:Siloe-1 destination=BluetoothPi:BluetoothPi-1 client=BluetoothPi target=-1,433
[2026-07-17T00:00:47] INFO: switch from "Siloe-1" to "BluetoothPi" at -1,433
[2026-07-17T00:00:47] INFO: leaving screen
[2026-07-17T00:00:47] INFO: object-layout recent reverse guard cleared activeHost=BluetoothPi activeScreen=BluetoothPi:BluetoothPi-1 pos=-30,415 direction=left
[2026-07-17T00:00:48] INFO: object-layout hard-edge gate activeHost=BluetoothPi sourceScreen=BluetoothPi:BluetoothPi-1 current=-637,21 delta=-44,-28 requested=-681,-7 edge=-681,0
[2026-07-17T00:00:48] INFO: object-layout evaluate activeClient=BluetoothPi activeLayout=BluetoothPi:BluetoothPi-1 sourceScreen=BluetoothPi:BluetoothPi-1 absolute=no local=-725,-28 localScreen=-1920,0 1920x1080 direction=up global=-725,-28
[2026-07-17T00:00:48] INFO: object-layout resolve sourceScreen=BluetoothPi:BluetoothPi-1 direction=up directDestination=<none> directionalDestination=<none> resolvedDestination=<none>
[2026-07-17T00:00:48] INFO: object-layout switch rejected sourceScreen=BluetoothPi:BluetoothPi-1 direction=up directDestination=<none> directionalDestination=<none> resolvedDestination=<none> reason=no-valid-destination
[2026-07-17T00:00:48] INFO: object-layout evaluate activeClient=BluetoothPi activeLayout=BluetoothPi:BluetoothPi-1 sourceScreen=BluetoothPi:BluetoothPi-1 absolute=no local=-769,-27 localScreen=-1920,0 1920x1080 direction=up global=-769,-27
[2026-07-17T00:00:48] INFO: object-layout resolve sourceScreen=BluetoothPi:BluetoothPi-1 direction=up directDestination=<none> directionalDestination=<none> resolvedDestination=<none>
[2026-07-17T00:00:48] INFO: object-layout switch rejected sourceScreen=BluetoothPi:BluetoothPi-1 direction=up directDestination=<none> directionalDestination=<none> resolvedDestination=<none> reason=no-valid-destination
[2026-07-17T00:00:48] INFO: object-layout evaluate activeClient=BluetoothPi activeLayout=BluetoothPi:BluetoothPi-1 sourceScreen=BluetoothPi:BluetoothPi-1 absolute=no local=-809,-25 localScreen=-1920,0 1920x1080 direction=up global=-809,-25
[2026-07-17T00:00:48] INFO: object-layout resolve sourceScreen=BluetoothPi:BluetoothPi-1 direction=up directDestination=<none> directionalDestination=<none> resolvedDestination=<none>
[2026-07-17T00:00:48] INFO: object-layout switch rejected sourceScreen=BluetoothPi:BluetoothPi-1 direction=up directDestination=<none> directionalDestination=<none> resolvedDestination=<none> reason=no-valid-destination
[2026-07-17T00:00:48] INFO: object-layout evaluate activeClient=BluetoothPi activeLayout=BluetoothPi:BluetoothPi-1 sourceScreen=BluetoothPi:BluetoothPi-1 absolute=no local=-853,-28 localScreen=-1920,0 1920x1080 direction=up global=-853,-28
[2026-07-17T00:00:48] INFO: object-layout resolve sourceScreen=BluetoothPi:BluetoothPi-1 direction=up directDestination=<none> directionalDestination=<none> resolvedDestination=<none>
[2026-07-17T00:00:48] INFO: object-layout switch rejected sourceScreen=BluetoothPi:BluetoothPi-1 direction=up directDestination=<none> directionalDestination=<none> resolvedDestination=<none> reason=no-valid-destination
[2026-07-17T00:00:48] INFO: object-layout evaluate activeClient=BluetoothPi activeLayout=BluetoothPi:BluetoothPi-1 sourceScreen=BluetoothPi:BluetoothPi-1 absolute=no local=-896,-22 localScreen=-1920,0 1920x1080 direction=up global=-896,-22
[2026-07-17T00:00:48] INFO: object-layout resolve sourceScreen=BluetoothPi:BluetoothPi-1 direction=up directDestination=<none> directionalDestination=<none> resolvedDestination=<none>
[2026-07-17T00:00:48] INFO: object-layout switch rejected sourceScreen=BluetoothPi:BluetoothPi-1 direction=up directDestination=<none> directionalDestination=<none> resolvedDestination=<none> reason=no-valid-destination
[2026-07-17T00:00:48] INFO: object-layout evaluate activeClient=BluetoothPi activeLayout=BluetoothPi:BluetoothPi-1 sourceScreen=BluetoothPi:BluetoothPi-1 absolute=no local=-933,-27 localScreen=-1920,0 1920x1080 direction=up global=-933,-27
[2026-07-17T00:00:48] INFO: object-layout resolve sourceScreen=BluetoothPi:BluetoothPi-1 direction=up directDestination=<none> directionalDestination=<none> resolvedDestination=<none>
[2026-07-17T00:00:48] INFO: object-layout switch rejected sourceScreen=BluetoothPi:BluetoothPi-1 direction=up directDestination=<none> directionalDestination=<none> resolvedDestination=<none> reason=no-valid-destination
[2026-07-17T00:00:48] INFO: object-layout evaluate activeClient=BluetoothPi activeLayout=BluetoothPi:BluetoothPi-1 sourceScreen=BluetoothPi:BluetoothPi-1 absolute=no local=-974,-27 localScreen=-1920,0 1920x1080 direction=up global=-974,-27
[2026-07-17T00:00:48] INFO: object-layout resolve sourceScreen=BluetoothPi:BluetoothPi-1 direction=up directDestination=<none> directionalDestination=<none> resolvedDestination=<none>
[2026-07-17T00:00:48] INFO: object-layout switch rejected sourceScreen=BluetoothPi:BluetoothPi-1 direction=up directDestination=<none> directionalDestination=<none> resolvedDestination=<none> reason=no-valid-destination
[2026-07-17T00:00:48] INFO: object-layout evaluate activeClient=BluetoothPi activeLayout=BluetoothPi:BluetoothPi-1 sourceScreen=BluetoothPi:BluetoothPi-1 absolute=no local=-1008,-23 localScreen=-1920,0 1920x1080 direction=up global=-1008,-23
[2026-07-17T00:00:48] INFO: object-layout resolve sourceScreen=BluetoothPi:BluetoothPi-1 direction=up directDestination=<none> directionalDestination=<none> resolvedDestination=<none>
[2026-07-17T00:00:48] INFO: object-layout switch rejected sourceScreen=BluetoothPi:BluetoothPi-1 direction=up directDestination=<none> directionalDestination=<none> resolvedDestination=<none> reason=no-valid-destination
[2026-07-17T00:00:48] INFO: object-layout evaluate activeClient=BluetoothPi activeLayout=BluetoothPi:BluetoothPi-1 sourceScreen=BluetoothPi:BluetoothPi-1 absolute=no local=-1046,-27 localScreen=-1920,0 1920x1080 direction=up global=-1046,-27
[2026-07-17T00:00:48] INFO: object-layout resolve sourceScreen=BluetoothPi:BluetoothPi-1 direction=up directDestination=<none> directionalDestination=<none> resolvedDestination=<none>
[2026-07-17T00:00:48] INFO: object-layout switch rejected sourceScreen=BluetoothPi:BluetoothPi-1 direction=up directDestination=<none> directionalDestination=<none> resolvedDestination=<none> reason=no-valid-destination
[2026-07-17T00:00:48] INFO: object-layout evaluate activeClient=BluetoothPi activeLayout=BluetoothPi:BluetoothPi-1 sourceScreen=BluetoothPi:BluetoothPi-1 absolute=no local=-1079,-21 localScreen=-1920,0 1920x1080 direction=up global=-1079,-21
[2026-07-17T00:00:48] INFO: object-layout resolve sourceScreen=BluetoothPi:BluetoothPi-1 direction=up directDestination=<none> directionalDestination=<none> resolvedDestination=<none>
[2026-07-17T00:00:48] INFO: object-layout switch rejected sourceScreen=BluetoothPi:BluetoothPi-1 direction=up directDestination=<none> directionalDestination=<none> resolvedDestination=<none> reason=no-valid-destination
[2026-07-17T00:00:48] INFO: object-layout evaluate activeClient=BluetoothPi activeLayout=BluetoothPi:BluetoothPi-1 sourceScreen=BluetoothPi:BluetoothPi-1 absolute=no local=-1110,-23 localScreen=-1920,0 1920x1080 direction=up global=-1110,-23
[2026-07-17T00:00:48] INFO: object-layout resolve sourceScreen=BluetoothPi:BluetoothPi-1 direction=up directDestination=<none> directionalDestination=<none> resolvedDestination=<none>
[2026-07-17T00:00:48] INFO: object-layout switch rejected sourceScreen=BluetoothPi:BluetoothPi-1 direction=up directDestination=<none> directionalDestination=<none> resolvedDestination=<none> reason=no-valid-destination
[2026-07-17T00:00:48] INFO: object-layout evaluate activeClient=BluetoothPi activeLayout=BluetoothPi:BluetoothPi-1 sourceScreen=BluetoothPi:BluetoothPi-1 absolute=no local=-1144,-21 localScreen=-1920,0 1920x1080 direction=up global=-1144,-21
[2026-07-17T00:00:48] INFO: object-layout resolve sourceScreen=BluetoothPi:BluetoothPi-1 direction=up directDestination=<none> directionalDestination=<none> resolvedDestination=<none>
[2026-07-17T00:00:48] INFO: object-layout switch rejected sourceScreen=BluetoothPi:BluetoothPi-1 direction=up directDestination=<none> directionalDestination=<none> resolvedDestination=<none> reason=no-valid-destination
[2026-07-17T00:00:48] INFO: object-layout evaluate activeClient=BluetoothPi activeLayout=BluetoothPi:BluetoothPi-1 sourceScreen=BluetoothPi:BluetoothPi-1 absolute=no local=-1177,-18 localScreen=-1920,0 1920x1080 direction=up global=-1177,-18
[2026-07-17T00:00:48] INFO: object-layout resolve sourceScreen=BluetoothPi:BluetoothPi-1 direction=up directDestination=<none> directionalDestination=<none> resolvedDestination=<none>
[2026-07-17T00:00:48] INFO: object-layout switch rejected sourceScreen=BluetoothPi:BluetoothPi-1 direction=up directDestination=<none> directionalDestination=<none> resolvedDestination=<none> reason=no-valid-destination
[2026-07-17T00:00:48] INFO: object-layout evaluate activeClient=BluetoothPi activeLayout=BluetoothPi:BluetoothPi-1 sourceScreen=BluetoothPi:BluetoothPi-1 absolute=no local=-1210,-19 localScreen=-1920,0 1920x1080 direction=up global=-1210,-19
[2026-07-17T00:00:48] INFO: object-layout resolve sourceScreen=BluetoothPi:BluetoothPi-1 direction=up directDestination=<none> directionalDestination=<none> resolvedDestination=<none>
[2026-07-17T00:00:48] INFO: object-layout switch rejected sourceScreen=BluetoothPi:BluetoothPi-1 direction=up directDestination=<none> directionalDestination=<none> resolvedDestination=<none> reason=no-valid-destination
[2026-07-17T00:00:48] INFO: object-layout evaluate activeClient=BluetoothPi activeLayout=BluetoothPi:BluetoothPi-1 sourceScreen=BluetoothPi:BluetoothPi-1 absolute=no local=-1242,-14 localScreen=-1920,0 1920x1080 direction=up global=-1242,-14
[2026-07-17T00:00:48] INFO: object-layout resolve sourceScreen=BluetoothPi:BluetoothPi-1 direction=up directDestination=<none> directionalDestination=<none> resolvedDestination=<none>
[2026-07-17T00:00:48] INFO: object-layout switch rejected sourceScreen=BluetoothPi:BluetoothPi-1 direction=up directDestination=<none> directionalDestination=<none> resolvedDestination=<none> reason=no-valid-destination
[2026-07-17T00:00:48] INFO: object-layout evaluate activeClient=BluetoothPi activeLayout=BluetoothPi:BluetoothPi-1 sourceScreen=BluetoothPi:BluetoothPi-1 absolute=no local=-1281,-15 localScreen=-1920,0 1920x1080 direction=up global=-1281,-15
[2026-07-17T00:00:48] INFO: object-layout resolve sourceScreen=BluetoothPi:BluetoothPi-1 direction=up directDestination=<none> directionalDestination=<none> resolvedDestination=<none>
[2026-07-17T00:00:48] INFO: object-layout switch rejected sourceScreen=BluetoothPi:BluetoothPi-1 direction=up directDestination=<none> directionalDestination=<none> resolvedDestination=<none> reason=no-valid-destination
[2026-07-17T00:00:48] INFO: object-layout evaluate activeClient=BluetoothPi activeLayout=BluetoothPi:BluetoothPi-1 sourceScreen=BluetoothPi:BluetoothPi-1 absolute=no local=-1318,-10 localScreen=-1920,0 1920x1080 direction=up global=-1318,-10
[2026-07-17T00:00:48] INFO: object-layout resolve sourceScreen=BluetoothPi:BluetoothPi-1 direction=up directDestination=<none> directionalDestination=<none> resolvedDestination=<none>
[2026-07-17T00:00:48] INFO: object-layout switch rejected sourceScreen=BluetoothPi:BluetoothPi-1 direction=up directDestination=<none> directionalDestination=<none> resolvedDestination=<none> reason=no-valid-destination
[2026-07-17T00:00:48] INFO: object-layout evaluate activeClient=BluetoothPi activeLayout=BluetoothPi:BluetoothPi-1 sourceScreen=BluetoothPi:BluetoothPi-1 absolute=no local=-1355,-8 localScreen=-1920,0 1920x1080 direction=up global=-1355,-8
[2026-07-17T00:00:48] INFO: object-layout resolve sourceScreen=BluetoothPi:BluetoothPi-1 direction=up directDestination=<none> directionalDestination=<none> resolvedDestination=<none>
[2026-07-17T00:00:48] INFO: object-layout switch rejected sourceScreen=BluetoothPi:BluetoothPi-1 direction=up directDestination=<none> directionalDestination=<none> resolvedDestination=<none> reason=no-valid-destination
[2026-07-17T00:00:48] INFO: object-layout evaluate activeClient=BluetoothPi activeLayout=BluetoothPi:BluetoothPi-1 sourceScreen=BluetoothPi:BluetoothPi-1 absolute=no local=-1389,-10 localScreen=-1920,0 1920x1080 direction=up global=-1389,-10
[2026-07-17T00:00:48] INFO: object-layout resolve sourceScreen=BluetoothPi:BluetoothPi-1 direction=up directDestination=<none> directionalDestination=<none> resolvedDestination=<none>
[2026-07-17T00:00:48] INFO: object-layout switch rejected sourceScreen=BluetoothPi:BluetoothPi-1 direction=up directDestination=<none> directionalDestination=<none> resolvedDestination=<none> reason=no-valid-destination
[2026-07-17T00:00:48] INFO: object-layout evaluate activeClient=BluetoothPi activeLayout=BluetoothPi:BluetoothPi-1 sourceScreen=BluetoothPi:BluetoothPi-1 absolute=no local=-1422,-8 localScreen=-1920,0 1920x1080 direction=up global=-1422,-8
[2026-07-17T00:00:48] INFO: object-layout resolve sourceScreen=BluetoothPi:BluetoothPi-1 direction=up directDestination=<none> directionalDestination=<none> resolvedDestination=<none>
[2026-07-17T00:00:48] INFO: object-layout switch rejected sourceScreen=BluetoothPi:BluetoothPi-1 direction=up directDestination=<none> directionalDestination=<none> resolvedDestination=<none> reason=no-valid-destination
[2026-07-17T00:00:48] INFO: object-layout evaluate activeClient=BluetoothPi activeLayout=BluetoothPi:BluetoothPi-1 sourceScreen=BluetoothPi:BluetoothPi-1 absolute=no local=-1450,-9 localScreen=-1920,0 1920x1080 direction=up global=-1450,-9
[2026-07-17T00:00:48] INFO: object-layout resolve sourceScreen=BluetoothPi:BluetoothPi-1 direction=up directDestination=<none> directionalDestination=<none> resolvedDestination=<none>
[2026-07-17T00:00:48] INFO: object-layout switch rejected sourceScreen=BluetoothPi:BluetoothPi-1 direction=up directDestination=<none> directionalDestination=<none> resolvedDestination=<none> reason=no-valid-destination
[2026-07-17T00:00:48] INFO: object-layout evaluate activeClient=BluetoothPi activeLayout=BluetoothPi:BluetoothPi-1 sourceScreen=BluetoothPi:BluetoothPi-1 absolute=no local=-1477,-8 localScreen=-1920,0 1920x1080 direction=up global=-1477,-8
[2026-07-17T00:00:48] INFO: object-layout resolve sourceScreen=BluetoothPi:BluetoothPi-1 direction=up directDestination=<none> directionalDestination=<none> resolvedDestination=<none>
[2026-07-17T00:00:48] INFO: object-layout switch rejected sourceScreen=BluetoothPi:BluetoothPi-1 direction=up directDestination=<none> directionalDestination=<none> resolvedDestination=<none> reason=no-valid-destination
[2026-07-17T00:00:48] INFO: object-layout evaluate activeClient=BluetoothPi activeLayout=BluetoothPi:BluetoothPi-1 sourceScreen=BluetoothPi:BluetoothPi-1 absolute=no local=-1501,-7 localScreen=-1920,0 1920x1080 direction=up global=-1501,-7
[2026-07-17T00:00:48] INFO: object-layout resolve sourceScreen=BluetoothPi:BluetoothPi-1 direction=up directDestination=<none> directionalDestination=<none> resolvedDestination=<none>
[2026-07-17T00:00:48] INFO: object-layout switch rejected sourceScreen=BluetoothPi:BluetoothPi-1 direction=up directDestination=<none> directionalDestination=<none> resolvedDestination=<none> reason=no-valid-destination
[2026-07-17T00:00:48] INFO: object-layout evaluate activeClient=BluetoothPi activeLayout=BluetoothPi:BluetoothPi-1 sourceScreen=BluetoothPi:BluetoothPi-1 absolute=no local=-1525,-6 localScreen=-1920,0 1920x1080 direction=up global=-1525,-6
[2026-07-17T00:00:48] INFO: object-layout resolve sourceScreen=BluetoothPi:BluetoothPi-1 direction=up directDestination=<none> directionalDestination=<none> resolvedDestination=<none>
[2026-07-17T00:00:48] INFO: object-layout switch rejected sourceScreen=BluetoothPi:BluetoothPi-1 direction=up directDestination=<none> directionalDestination=<none> resolvedDestination=<none> reason=no-valid-destination
[2026-07-17T00:00:48] INFO: object-layout evaluate activeClient=BluetoothPi activeLayout=BluetoothPi:BluetoothPi-1 sourceScreen=BluetoothPi:BluetoothPi-1 absolute=no local=-1545,-5 localScreen=-1920,0 1920x1080 direction=up global=-1545,-5
[2026-07-17T00:00:48] INFO: object-layout resolve sourceScreen=BluetoothPi:BluetoothPi-1 direction=up directDestination=<none> directionalDestination=<none> resolvedDestination=<none>
[2026-07-17T00:00:48] INFO: object-layout switch rejected sourceScreen=BluetoothPi:BluetoothPi-1 direction=up directDestination=<none> directionalDestination=<none> resolvedDestination=<none> reason=no-valid-destination
[2026-07-17T00:00:48] INFO: object-layout evaluate activeClient=BluetoothPi activeLayout=BluetoothPi:BluetoothPi-1 sourceScreen=BluetoothPi:BluetoothPi-1 absolute=no local=-1562,-6 localScreen=-1920,0 1920x1080 direction=up global=-1562,-6
[2026-07-17T00:00:48] INFO: object-layout resolve sourceScreen=BluetoothPi:BluetoothPi-1 direction=up directDestination=<none> directionalDestination=<none> resolvedDestination=<none>
[2026-07-17T00:00:48] INFO: object-layout switch rejected sourceScreen=BluetoothPi:BluetoothPi-1 direction=up directDestination=<none> directionalDestination=<none> resolvedDestination=<none> reason=no-valid-destination
[2026-07-17T00:00:48] INFO: object-layout evaluate activeClient=BluetoothPi activeLayout=BluetoothPi:BluetoothPi-1 sourceScreen=BluetoothPi:BluetoothPi-1 absolute=no local=-1582,-3 localScreen=-1920,0 1920x1080 direction=up global=-1582,-3
[2026-07-17T00:00:48] INFO: object-layout resolve sourceScreen=BluetoothPi:BluetoothPi-1 direction=up directDestination=<none> directionalDestination=<none> resolvedDestination=<none>
[2026-07-17T00:00:48] INFO: object-layout switch rejected sourceScreen=BluetoothPi:BluetoothPi-1 direction=up directDestination=<none> directionalDestination=<none> resolvedDestination=<none> reason=no-valid-destination
[2026-07-17T00:00:48] INFO: object-layout evaluate activeClient=BluetoothPi activeLayout=BluetoothPi:BluetoothPi-1 sourceScreen=BluetoothPi:BluetoothPi-1 absolute=no local=-1599,-4 localScreen=-1920,0 1920x1080 direction=up global=-1599,-4
[2026-07-17T00:00:48] INFO: object-layout resolve sourceScreen=BluetoothPi:BluetoothPi-1 direction=up directDestination=<none> directionalDestination=<none> resolvedDestination=<none>
[2026-07-17T00:00:48] INFO: object-layout switch rejected sourceScreen=BluetoothPi:BluetoothPi-1 direction=up directDestination=<none> directionalDestination=<none> resolvedDestination=<none> reason=no-valid-destination
[2026-07-17T00:00:48] INFO: object-layout evaluate activeClient=BluetoothPi activeLayout=BluetoothPi:BluetoothPi-1 sourceScreen=BluetoothPi:BluetoothPi-1 absolute=no local=-1612,-4 localScreen=-1920,0 1920x1080 direction=up global=-1612,-4
[2026-07-17T00:00:48] INFO: object-layout resolve sourceScreen=BluetoothPi:BluetoothPi-1 direction=up directDestination=<none> directionalDestination=<none> resolvedDestination=<none>
[2026-07-17T00:00:48] INFO: object-layout switch rejected sourceScreen=BluetoothPi:BluetoothPi-1 direction=up directDestination=<none> directionalDestination=<none> resolvedDestination=<none> reason=no-valid-destination
[2026-07-17T00:00:48] INFO: object-layout evaluate activeClient=BluetoothPi activeLayout=BluetoothPi:BluetoothPi-1 sourceScreen=BluetoothPi:BluetoothPi-1 absolute=no local=-1626,-3 localScreen=-1920,0 1920x1080 direction=up global=-1626,-3
[2026-07-17T00:00:48] INFO: object-layout resolve sourceScreen=BluetoothPi:BluetoothPi-1 direction=up directDestination=<none> directionalDestination=<none> resolvedDestination=<none>
[2026-07-17T00:00:48] INFO: object-layout switch rejected sourceScreen=BluetoothPi:BluetoothPi-1 direction=up directDestination=<none> directionalDestination=<none> resolvedDestination=<none> reason=no-valid-destination
[2026-07-17T00:00:48] INFO: object-layout evaluate activeClient=BluetoothPi activeLayout=BluetoothPi:BluetoothPi-1 sourceScreen=BluetoothPi:BluetoothPi-1 absolute=no local=-1641,-4 localScreen=-1920,0 1920x1080 direction=up global=-1641,-4
[2026-07-17T00:00:48] INFO: object-layout resolve sourceScreen=BluetoothPi:BluetoothPi-1 direction=up directDestination=<none> directionalDestination=<none> resolvedDestination=<none>
[2026-07-17T00:00:48] INFO: object-layout switch rejected sourceScreen=BluetoothPi:BluetoothPi-1 direction=up directDestination=<none> directionalDestination=<none> resolvedDestination=<none> reason=no-valid-destination
[2026-07-17T00:00:48] INFO: object-layout evaluate activeClient=BluetoothPi activeLayout=BluetoothPi:BluetoothPi-1 sourceScreen=BluetoothPi:BluetoothPi-1 absolute=no local=-1655,-4 localScreen=-1920,0 1920x1080 direction=up global=-1655,-4
[2026-07-17T00:00:48] INFO: object-layout resolve sourceScreen=BluetoothPi:BluetoothPi-1 direction=up directDestination=<none> directionalDestination=<none> resolvedDestination=<none>
[2026-07-17T00:00:48] INFO: object-layout switch rejected sourceScreen=BluetoothPi:BluetoothPi-1 direction=up directDestination=<none> directionalDestination=<none> resolvedDestination=<none> reason=no-valid-destination
[2026-07-17T00:00:48] INFO: object-layout evaluate activeClient=BluetoothPi activeLayout=BluetoothPi:BluetoothPi-1 sourceScreen=BluetoothPi:BluetoothPi-1 absolute=no local=-1668,-1 localScreen=-1920,0 1920x1080 direction=up global=-1668,-1
[2026-07-17T00:00:48] INFO: object-layout resolve sourceScreen=BluetoothPi:BluetoothPi-1 direction=up directDestination=<none> directionalDestination=<none> resolvedDestination=<none>
[2026-07-17T00:00:48] INFO: object-layout switch rejected sourceScreen=BluetoothPi:BluetoothPi-1 direction=up directDestination=<none> directionalDestination=<none> resolvedDestination=<none> reason=no-valid-destination
[2026-07-17T00:00:48] INFO: object-layout evaluate activeClient=BluetoothPi activeLayout=BluetoothPi:BluetoothPi-1 sourceScreen=BluetoothPi:BluetoothPi-1 absolute=no local=-1680,-2 localScreen=-1920,0 1920x1080 direction=up global=-1680,-2
[2026-07-17T00:00:48] INFO: object-layout resolve sourceScreen=BluetoothPi:BluetoothPi-1 direction=up directDestination=<none> directionalDestination=<none> resolvedDestination=<none>
[2026-07-17T00:00:48] INFO: object-layout switch rejected sourceScreen=BluetoothPi:BluetoothPi-1 direction=up directDestination=<none> directionalDestination=<none> resolvedDestination=<none> reason=no-valid-destination
[2026-07-17T00:00:49] INFO: object-layout hard-edge gate activeHost=BluetoothPi sourceScreen=BluetoothPi:BluetoothPi-1 current=-1420,5 delta=-27,-9 requested=-1447,-4 edge=-1447,0
[2026-07-17T00:00:49] INFO: object-layout evaluate activeClient=BluetoothPi activeLayout=BluetoothPi:BluetoothPi-1 sourceScreen=BluetoothPi:BluetoothPi-1 absolute=no local=-1472,-9 localScreen=-1920,0 1920x1080 direction=up global=-1472,-9
[2026-07-17T00:00:49] INFO: object-layout resolve sourceScreen=BluetoothPi:BluetoothPi-1 direction=up directDestination=<none> directionalDestination=<none> resolvedDestination=<none>
[2026-07-17T00:00:49] INFO: object-layout switch rejected sourceScreen=BluetoothPi:BluetoothPi-1 direction=up directDestination=<none> directionalDestination=<none> resolvedDestination=<none> reason=no-valid-destination
[2026-07-17T00:00:49] INFO: object-layout evaluate activeClient=BluetoothPi activeLayout=BluetoothPi:BluetoothPi-1 sourceScreen=BluetoothPi:BluetoothPi-1 absolute=no local=-1497,-9 localScreen=-1920,0 1920x1080 direction=up global=-1497,-9
[2026-07-17T00:00:49] INFO: object-layout resolve sourceScreen=BluetoothPi:BluetoothPi-1 direction=up directDestination=<none> directionalDestination=<none> resolvedDestination=<none>
[2026-07-17T00:00:49] INFO: object-layout switch rejected sourceScreen=BluetoothPi:BluetoothPi-1 direction=up directDestination=<none> directionalDestination=<none> resolvedDestination=<none> reason=no-valid-destination
[2026-07-17T00:00:49] INFO: object-layout evaluate activeClient=BluetoothPi activeLayout=BluetoothPi:BluetoothPi-1 sourceScreen=BluetoothPi:BluetoothPi-1 absolute=no local=-1515,-7 localScreen=-1920,0 1920x1080 direction=up global=-1515,-7
[2026-07-17T00:00:49] INFO: object-layout resolve sourceScreen=BluetoothPi:BluetoothPi-1 direction=up directDestination=<none> directionalDestination=<none> resolvedDestination=<none>
[2026-07-17T00:00:49] INFO: object-layout switch rejected sourceScreen=BluetoothPi:BluetoothPi-1 direction=up directDestination=<none> directionalDestination=<none> resolvedDestination=<none> reason=no-valid-destination
[2026-07-17T00:00:49] INFO: object-layout evaluate activeClient=BluetoothPi activeLayout=BluetoothPi:BluetoothPi-1 sourceScreen=BluetoothPi:BluetoothPi-1 absolute=no local=-1540,-11 localScreen=-1920,0 1920x1080 direction=up global=-1540,-11
[2026-07-17T00:00:49] INFO: object-layout resolve sourceScreen=BluetoothPi:BluetoothPi-1 direction=up directDestination=<none> directionalDestination=<none> resolvedDestination=<none>
[2026-07-17T00:00:49] INFO: object-layout switch rejected sourceScreen=BluetoothPi:BluetoothPi-1 direction=up directDestination=<none> directionalDestination=<none> resolvedDestination=<none> reason=no-valid-destination
[2026-07-17T00:00:49] INFO: object-layout evaluate activeClient=BluetoothPi activeLayout=BluetoothPi:BluetoothPi-1 sourceScreen=BluetoothPi:BluetoothPi-1 absolute=no local=-1565,-9 localScreen=-1920,0 1920x1080 direction=up global=-1565,-9
[2026-07-17T00:00:49] INFO: object-layout resolve sourceScreen=BluetoothPi:BluetoothPi-1 direction=up directDestination=<none> directionalDestination=<none> resolvedDestination=<none>
[2026-07-17T00:00:49] INFO: object-layout switch rejected sourceScreen=BluetoothPi:BluetoothPi-1 direction=up directDestination=<none> directionalDestination=<none> resolvedDestination=<none> reason=no-valid-destination
[2026-07-17T00:00:49] INFO: object-layout evaluate activeClient=BluetoothPi activeLayout=BluetoothPi:BluetoothPi-1 sourceScreen=BluetoothPi:BluetoothPi-1 absolute=no local=-1586,-6 localScreen=-1920,0 1920x1080 direction=up global=-1586,-6
[2026-07-17T00:00:49] INFO: object-layout resolve sourceScreen=BluetoothPi:BluetoothPi-1 direction=up directDestination=<none> directionalDestination=<none> resolvedDestination=<none>
[2026-07-17T00:00:49] INFO: object-layout switch rejected sourceScreen=BluetoothPi:BluetoothPi-1 direction=up directDestination=<none> directionalDestination=<none> resolvedDestination=<none> reason=no-valid-destination
[2026-07-17T00:00:49] INFO: object-layout evaluate activeClient=BluetoothPi activeLayout=BluetoothPi:BluetoothPi-1 sourceScreen=BluetoothPi:BluetoothPi-1 absolute=no local=-1610,-9 localScreen=-1920,0 1920x1080 direction=up global=-1610,-9
[2026-07-17T00:00:49] INFO: object-layout resolve sourceScreen=BluetoothPi:BluetoothPi-1 direction=up directDestination=<none> directionalDestination=<none> resolvedDestination=<none>
[2026-07-17T00:00:49] INFO: object-layout switch rejected sourceScreen=BluetoothPi:BluetoothPi-1 direction=up directDestination=<none> directionalDestination=<none> resolvedDestination=<none> reason=no-valid-destination
[2026-07-17T00:00:49] INFO: object-layout evaluate activeClient=BluetoothPi activeLayout=BluetoothPi:BluetoothPi-1 sourceScreen=BluetoothPi:BluetoothPi-1 absolute=no local=-1634,-5 localScreen=-1920,0 1920x1080 direction=up global=-1634,-5
[2026-07-17T00:00:49] INFO: object-layout resolve sourceScreen=BluetoothPi:BluetoothPi-1 direction=up directDestination=<none> directionalDestination=<none> resolvedDestination=<none>
[2026-07-17T00:00:49] INFO: object-layout switch rejected sourceScreen=BluetoothPi:BluetoothPi-1 direction=up directDestination=<none> directionalDestination=<none> resolvedDestination=<none> reason=no-valid-destination
[2026-07-17T00:00:49] INFO: object-layout evaluate activeClient=BluetoothPi activeLayout=BluetoothPi:BluetoothPi-1 sourceScreen=BluetoothPi:BluetoothPi-1 absolute=no local=-1657,-7 localScreen=-1920,0 1920x1080 direction=up global=-1657,-7
[2026-07-17T00:00:49] INFO: object-layout resolve sourceScreen=BluetoothPi:BluetoothPi-1 direction=up directDestination=<none> directionalDestination=<none> resolvedDestination=<none>
[2026-07-17T00:00:49] INFO: object-layout switch rejected sourceScreen=BluetoothPi:BluetoothPi-1 direction=up directDestination=<none> directionalDestination=<none> resolvedDestination=<none> reason=no-valid-destination
[2026-07-17T00:00:49] INFO: object-layout evaluate activeClient=BluetoothPi activeLayout=BluetoothPi:BluetoothPi-1 sourceScreen=BluetoothPi:BluetoothPi-1 absolute=no local=-1678,-6 localScreen=-1920,0 1920x1080 direction=up global=-1678,-6
[2026-07-17T00:00:49] INFO: object-layout resolve sourceScreen=BluetoothPi:BluetoothPi-1 direction=up directDestination=<none> directionalDestination=<none> resolvedDestination=<none>
[2026-07-17T00:00:49] INFO: object-layout switch rejected sourceScreen=BluetoothPi:BluetoothPi-1 direction=up directDestination=<none> directionalDestination=<none> resolvedDestination=<none> reason=no-valid-destination
[2026-07-17T00:00:49] INFO: object-layout evaluate activeClient=BluetoothPi activeLayout=BluetoothPi:BluetoothPi-1 sourceScreen=BluetoothPi:BluetoothPi-1 absolute=no local=-1695,-4 localScreen=-1920,0 1920x1080 direction=up global=-1695,-4
[2026-07-17T00:00:49] INFO: object-layout resolve sourceScreen=BluetoothPi:BluetoothPi-1 direction=up directDestination=<none> directionalDestination=<none> resolvedDestination=<none>
[2026-07-17T00:00:49] INFO: object-layout switch rejected sourceScreen=BluetoothPi:BluetoothPi-1 direction=up directDestination=<none> directionalDestination=<none> resolvedDestination=<none> reason=no-valid-destination
[2026-07-17T00:00:49] INFO: object-layout evaluate activeClient=BluetoothPi activeLayout=BluetoothPi:BluetoothPi-1 sourceScreen=BluetoothPi:BluetoothPi-1 absolute=no local=-1717,-5 localScreen=-1920,0 1920x1080 direction=up global=-1717,-5
[2026-07-17T00:00:49] INFO: object-layout resolve sourceScreen=BluetoothPi:BluetoothPi-1 direction=up directDestination=<none> directionalDestination=<none> resolvedDestination=<none>
[2026-07-17T00:00:49] INFO: object-layout switch rejected sourceScreen=BluetoothPi:BluetoothPi-1 direction=up directDestination=<none> directionalDestination=<none> resolvedDestination=<none> reason=no-valid-destination
[2026-07-17T00:00:49] INFO: object-layout evaluate activeClient=BluetoothPi activeLayout=BluetoothPi:BluetoothPi-1 sourceScreen=BluetoothPi:BluetoothPi-1 absolute=no local=-1736,-3 localScreen=-1920,0 1920x1080 direction=up global=-1736,-3
[2026-07-17T00:00:49] INFO: object-layout resolve sourceScreen=BluetoothPi:BluetoothPi-1 direction=up directDestination=<none> directionalDestination=<none> resolvedDestination=<none>
[2026-07-17T00:00:49] INFO: object-layout switch rejected sourceScreen=BluetoothPi:BluetoothPi-1 direction=up directDestination=<none> directionalDestination=<none> resolvedDestination=<none> reason=no-valid-destination
[2026-07-17T00:00:49] INFO: object-layout evaluate activeClient=BluetoothPi activeLayout=BluetoothPi:BluetoothPi-1 sourceScreen=BluetoothPi:BluetoothPi-1 absolute=no local=-1757,-6 localScreen=-1920,0 1920x1080 direction=up global=-1757,-6
[2026-07-17T00:00:49] INFO: object-layout resolve sourceScreen=BluetoothPi:BluetoothPi-1 direction=up directDestination=<none> directionalDestination=<none> resolvedDestination=<none>
[2026-07-17T00:00:49] INFO: object-layout switch rejected sourceScreen=BluetoothPi:BluetoothPi-1 direction=up directDestination=<none> directionalDestination=<none> resolvedDestination=<none> reason=no-valid-destination
[2026-07-17T00:00:49] INFO: object-layout evaluate activeClient=BluetoothPi activeLayout=BluetoothPi:BluetoothPi-1 sourceScreen=BluetoothPi:BluetoothPi-1 absolute=no local=-1774,-5 localScreen=-1920,0 1920x1080 direction=up global=-1774,-5
[2026-07-17T00:00:49] INFO: object-layout resolve sourceScreen=BluetoothPi:BluetoothPi-1 direction=up directDestination=<none> directionalDestination=<none> resolvedDestination=<none>
[2026-07-17T00:00:49] INFO: object-layout switch rejected sourceScreen=BluetoothPi:BluetoothPi-1 direction=up directDestination=<none> directionalDestination=<none> resolvedDestination=<none> reason=no-valid-destination
[2026-07-17T00:00:49] INFO: object-layout evaluate activeClient=BluetoothPi activeLayout=BluetoothPi:BluetoothPi-1 sourceScreen=BluetoothPi:BluetoothPi-1 absolute=no local=-1790,-4 localScreen=-1920,0 1920x1080 direction=up global=-1790,-4
[2026-07-17T00:00:49] INFO: object-layout resolve sourceScreen=BluetoothPi:BluetoothPi-1 direction=up directDestination=<none> directionalDestination=<none> resolvedDestination=<none>
[2026-07-17T00:00:49] INFO: object-layout switch rejected sourceScreen=BluetoothPi:BluetoothPi-1 direction=up directDestination=<none> directionalDestination=<none> resolvedDestination=<none> reason=no-valid-destination
[2026-07-17T00:00:49] INFO: object-layout evaluate activeClient=BluetoothPi activeLayout=BluetoothPi:BluetoothPi-1 sourceScreen=BluetoothPi:BluetoothPi-1 absolute=no local=-1807,-4 localScreen=-1920,0 1920x1080 direction=up global=-1807,-4
[2026-07-17T00:00:49] INFO: object-layout resolve sourceScreen=BluetoothPi:BluetoothPi-1 direction=up directDestination=<none> directionalDestination=<none> resolvedDestination=<none>
[2026-07-17T00:00:49] INFO: object-layout switch rejected sourceScreen=BluetoothPi:BluetoothPi-1 direction=up directDestination=<none> directionalDestination=<none> resolvedDestination=<none> reason=no-valid-destination
[2026-07-17T00:00:49] INFO: object-layout evaluate activeClient=BluetoothPi activeLayout=BluetoothPi:BluetoothPi-1 sourceScreen=BluetoothPi:BluetoothPi-1 absolute=no local=-1823,-4 localScreen=-1920,0 1920x1080 direction=up global=-1823,-4
[2026-07-17T00:00:49] INFO: object-layout resolve sourceScreen=BluetoothPi:BluetoothPi-1 direction=up directDestination=<none> directionalDestination=<none> resolvedDestination=<none>
[2026-07-17T00:00:49] INFO: object-layout switch rejected sourceScreen=BluetoothPi:BluetoothPi-1 direction=up directDestination=<none> directionalDestination=<none> resolvedDestination=<none> reason=no-valid-destination
[2026-07-17T00:00:49] INFO: object-layout evaluate activeClient=BluetoothPi activeLayout=BluetoothPi:BluetoothPi-1 sourceScreen=BluetoothPi:BluetoothPi-1 absolute=no local=-1836,-3 localScreen=-1920,0 1920x1080 direction=up global=-1836,-3
[2026-07-17T00:00:49] INFO: object-layout resolve sourceScreen=BluetoothPi:BluetoothPi-1 direction=up directDestination=<none> directionalDestination=<none> resolvedDestination=<none>
[2026-07-17T00:00:49] INFO: object-layout switch rejected sourceScreen=BluetoothPi:BluetoothPi-1 direction=up directDestination=<none> directionalDestination=<none> resolvedDestination=<none> reason=no-valid-destination
[2026-07-17T00:00:49] INFO: object-layout evaluate activeClient=BluetoothPi activeLayout=BluetoothPi:BluetoothPi-1 sourceScreen=BluetoothPi:BluetoothPi-1 absolute=no local=-1850,-4 localScreen=-1920,0 1920x1080 direction=up global=-1850,-4
[2026-07-17T00:00:49] INFO: object-layout resolve sourceScreen=BluetoothPi:BluetoothPi-1 direction=up directDestination=<none> directionalDestination=<none> resolvedDestination=<none>
[2026-07-17T00:00:49] INFO: object-layout switch rejected sourceScreen=BluetoothPi:BluetoothPi-1 direction=up directDestination=<none> directionalDestination=<none> resolvedDestination=<none> reason=no-valid-destination
[2026-07-17T00:00:49] INFO: object-layout evaluate activeClient=BluetoothPi activeLayout=BluetoothPi:BluetoothPi-1 sourceScreen=BluetoothPi:BluetoothPi-1 absolute=no local=-1863,-4 localScreen=-1920,0 1920x1080 direction=up global=-1863,-4
[2026-07-17T00:00:49] INFO: object-layout resolve sourceScreen=BluetoothPi:BluetoothPi-1 direction=up directDestination=<none> directionalDestination=<none> resolvedDestination=<none>
[2026-07-17T00:00:49] INFO: object-layout switch rejected sourceScreen=BluetoothPi:BluetoothPi-1 direction=up directDestination=<none> directionalDestination=<none> resolvedDestination=<none> reason=no-valid-destination
[2026-07-17T00:00:49] INFO: object-layout evaluate activeClient=BluetoothPi activeLayout=BluetoothPi:BluetoothPi-1 sourceScreen=BluetoothPi:BluetoothPi-1 absolute=no local=-1877,-4 localScreen=-1920,0 1920x1080 direction=up global=-1877,-4
[2026-07-17T00:00:49] INFO: object-layout resolve sourceScreen=BluetoothPi:BluetoothPi-1 direction=up directDestination=<none> directionalDestination=<none> resolvedDestination=<none>
[2026-07-17T00:00:49] INFO: object-layout switch rejected sourceScreen=BluetoothPi:BluetoothPi-1 direction=up directDestination=<none> directionalDestination=<none> resolvedDestination=<none> reason=no-valid-destination
[2026-07-17T00:00:49] INFO: object-layout evaluate activeClient=BluetoothPi activeLayout=BluetoothPi:BluetoothPi-1 sourceScreen=BluetoothPi:BluetoothPi-1 absolute=no local=-1889,-4 localScreen=-1920,0 1920x1080 direction=up global=-1889,-4
[2026-07-17T00:00:49] INFO: object-layout resolve sourceScreen=BluetoothPi:BluetoothPi-1 direction=up directDestination=<none> directionalDestination=<none> resolvedDestination=<none>
[2026-07-17T00:00:49] INFO: object-layout switch rejected sourceScreen=BluetoothPi:BluetoothPi-1 direction=up directDestination=<none> directionalDestination=<none> resolvedDestination=<none> reason=no-valid-destination
[2026-07-17T00:00:49] INFO: object-layout evaluate activeClient=BluetoothPi activeLayout=BluetoothPi:BluetoothPi-1 sourceScreen=BluetoothPi:BluetoothPi-1 absolute=no local=-1900,-4 localScreen=-1920,0 1920x1080 direction=up global=-1900,-4
[2026-07-17T00:00:49] INFO: object-layout resolve sourceScreen=BluetoothPi:BluetoothPi-1 direction=up directDestination=<none> directionalDestination=<none> resolvedDestination=<none>
[2026-07-17T00:00:49] INFO: object-layout switch rejected sourceScreen=BluetoothPi:BluetoothPi-1 direction=up directDestination=<none> directionalDestination=<none> resolvedDestination=<none> reason=no-valid-destination
[2026-07-17T00:00:49] INFO: object-layout evaluate activeClient=BluetoothPi activeLayout=BluetoothPi:BluetoothPi-1 sourceScreen=BluetoothPi:BluetoothPi-1 absolute=no local=-1908,-3 localScreen=-1920,0 1920x1080 direction=up global=-1908,-3
[2026-07-17T00:00:49] INFO: object-layout resolve sourceScreen=BluetoothPi:BluetoothPi-1 direction=up directDestination=<none> directionalDestination=<none> resolvedDestination=<none>
[2026-07-17T00:00:49] INFO: object-layout switch rejected sourceScreen=BluetoothPi:BluetoothPi-1 direction=up directDestination=<none> directionalDestination=<none> resolvedDestination=<none> reason=no-valid-destination
[2026-07-17T00:00:49] INFO: object-layout evaluate activeClient=BluetoothPi activeLayout=BluetoothPi:BluetoothPi-1 sourceScreen=BluetoothPi:BluetoothPi-1 absolute=no local=-1917,-2 localScreen=-1920,0 1920x1080 direction=up global=-1917,-2
[2026-07-17T00:00:49] INFO: object-layout resolve sourceScreen=BluetoothPi:BluetoothPi-1 direction=up directDestination=<none> directionalDestination=<none> resolvedDestination=<none>
[2026-07-17T00:00:49] INFO: object-layout switch rejected sourceScreen=BluetoothPi:BluetoothPi-1 direction=up directDestination=<none> directionalDestination=<none> resolvedDestination=<none> reason=no-valid-destination
[2026-07-17T00:00:49] INFO: object-layout hard-edge gate activeHost=BluetoothPi sourceScreen=BluetoothPi:BluetoothPi-1 current=-1917,0 delta=-9,-3 requested=-1926,-3 edge=-1920,0
[2026-07-17T00:00:49] INFO: object-layout evaluate activeClient=BluetoothPi activeLayout=BluetoothPi:BluetoothPi-1 sourceScreen=BluetoothPi:BluetoothPi-1 absolute=no local=-1929,-2 localScreen=-1920,0 1920x1080 direction=left global=-1929,-2
[2026-07-17T00:00:49] INFO: object-layout resolve sourceScreen=BluetoothPi:BluetoothPi-1 direction=left directDestination=<none> directionalDestination=<none> resolvedDestination=<none>
[2026-07-17T00:00:49] INFO: object-layout switch rejected sourceScreen=BluetoothPi:BluetoothPi-1 direction=left directDestination=<none> directionalDestination=<none> resolvedDestination=<none> reason=no-valid-destination
[2026-07-17T00:00:49] INFO: object-layout evaluate activeClient=BluetoothPi activeLayout=BluetoothPi:BluetoothPi-1 sourceScreen=BluetoothPi:BluetoothPi-1 absolute=no local=-1930,-3 localScreen=-1920,0 1920x1080 direction=left global=-1930,-3
[2026-07-17T00:00:49] INFO: object-layout resolve sourceScreen=BluetoothPi:BluetoothPi-1 direction=left directDestination=<none> directionalDestination=<none> resolvedDestination=<none>
[2026-07-17T00:00:49] INFO: object-layout switch rejected sourceScreen=BluetoothPi:BluetoothPi-1 direction=left directDestination=<none> directionalDestination=<none> resolvedDestination=<none> reason=no-valid-destination
[2026-07-17T00:00:49] INFO: object-layout evaluate activeClient=BluetoothPi activeLayout=BluetoothPi:BluetoothPi-1 sourceScreen=BluetoothPi:BluetoothPi-1 absolute=no local=-1930,-1 localScreen=-1920,0 1920x1080 direction=left global=-1930,-1
[2026-07-17T00:00:49] INFO: object-layout resolve sourceScreen=BluetoothPi:BluetoothPi-1 direction=left directDestination=<none> directionalDestination=<none> resolvedDestination=<none>
[2026-07-17T00:00:49] INFO: object-layout switch rejected sourceScreen=BluetoothPi:BluetoothPi-1 direction=left directDestination=<none> directionalDestination=<none> resolvedDestination=<none> reason=no-valid-destination
[2026-07-17T00:00:49] INFO: object-layout evaluate activeClient=BluetoothPi activeLayout=BluetoothPi:BluetoothPi-1 sourceScreen=BluetoothPi:BluetoothPi-1 absolute=no local=-1928,-3 localScreen=-1920,0 1920x1080 direction=left global=-1928,-3
[2026-07-17T00:00:49] INFO: object-layout resolve sourceScreen=BluetoothPi:BluetoothPi-1 direction=left directDestination=<none> directionalDestination=<none> resolvedDestination=<none>
[2026-07-17T00:00:49] INFO: object-layout switch rejected sourceScreen=BluetoothPi:BluetoothPi-1 direction=left directDestination=<none> directionalDestination=<none> resolvedDestination=<none> reason=no-valid-destination
[2026-07-17T00:00:49] INFO: object-layout evaluate activeClient=BluetoothPi activeLayout=BluetoothPi:BluetoothPi-1 sourceScreen=BluetoothPi:BluetoothPi-1 absolute=no local=-1927,-2 localScreen=-1920,0 1920x1080 direction=left global=-1927,-2
[2026-07-17T00:00:49] INFO: object-layout resolve sourceScreen=BluetoothPi:BluetoothPi-1 direction=left directDestination=<none> directionalDestination=<none> resolvedDestination=<none>
[2026-07-17T00:00:49] INFO: object-layout switch rejected sourceScreen=BluetoothPi:BluetoothPi-1 direction=left directDestination=<none> directionalDestination=<none> resolvedDestination=<none> reason=no-valid-destination
[2026-07-17T00:00:49] INFO: object-layout evaluate activeClient=BluetoothPi activeLayout=BluetoothPi:BluetoothPi-1 sourceScreen=BluetoothPi:BluetoothPi-1 absolute=no local=-1925,-1 localScreen=-1920,0 1920x1080 direction=left global=-1925,-1
[2026-07-17T00:00:49] INFO: object-layout resolve sourceScreen=BluetoothPi:BluetoothPi-1 direction=left directDestination=<none> directionalDestination=<none> resolvedDestination=<none>
[2026-07-17T00:00:49] INFO: object-layout switch rejected sourceScreen=BluetoothPi:BluetoothPi-1 direction=left directDestination=<none> directionalDestination=<none> resolvedDestination=<none> reason=no-valid-destination
[2026-07-17T00:00:49] INFO: object-layout evaluate activeClient=BluetoothPi activeLayout=BluetoothPi:BluetoothPi-1 sourceScreen=BluetoothPi:BluetoothPi-1 absolute=no local=-1924,-1 localScreen=-1920,0 1920x1080 direction=left global=-1924,-1
[2026-07-17T00:00:49] INFO: object-layout resolve sourceScreen=BluetoothPi:BluetoothPi-1 direction=left directDestination=<none> directionalDestination=<none> resolvedDestination=<none>
[2026-07-17T00:00:49] INFO: object-layout switch rejected sourceScreen=BluetoothPi:BluetoothPi-1 direction=left directDestination=<none> directionalDestination=<none> resolvedDestination=<none> reason=no-valid-destination
[2026-07-17T00:00:49] INFO: object-layout evaluate activeClient=BluetoothPi activeLayout=BluetoothPi:BluetoothPi-1 sourceScreen=BluetoothPi:BluetoothPi-1 absolute=no local=-1924,-2 localScreen=-1920,0 1920x1080 direction=left global=-1924,-2
[2026-07-17T00:00:49] INFO: object-layout resolve sourceScreen=BluetoothPi:BluetoothPi-1 direction=left directDestination=<none> directionalDestination=<none> resolvedDestination=<none>
[2026-07-17T00:00:49] INFO: object-layout switch rejected sourceScreen=BluetoothPi:BluetoothPi-1 direction=left directDestination=<none> directionalDestination=<none> resolvedDestination=<none> reason=no-valid-destination
[2026-07-17T00:00:49] INFO: object-layout evaluate activeClient=BluetoothPi activeLayout=BluetoothPi:BluetoothPi-1 sourceScreen=BluetoothPi:BluetoothPi-1 absolute=no local=-1924,0 localScreen=-1920,0 1920x1080 direction=left global=-1924,0
[2026-07-17T00:00:49] INFO: object-layout resolve sourceScreen=BluetoothPi:BluetoothPi-1 direction=left directDestination=<none> directionalDestination=<none> resolvedDestination=<none>
[2026-07-17T00:00:49] INFO: object-layout switch rejected sourceScreen=BluetoothPi:BluetoothPi-1 direction=left directDestination=<none> directionalDestination=<none> resolvedDestination=<none> reason=no-valid-destination
[2026-07-17T00:00:49] INFO: object-layout evaluate activeClient=BluetoothPi activeLayout=BluetoothPi:BluetoothPi-1 sourceScreen=BluetoothPi:BluetoothPi-1 absolute=no local=-1924,-2 localScreen=-1920,0 1920x1080 direction=left global=-1924,-2
[2026-07-17T00:00:49] INFO: object-layout resolve sourceScreen=BluetoothPi:BluetoothPi-1 direction=left directDestination=<none> directionalDestination=<none> resolvedDestination=<none>
[2026-07-17T00:00:49] INFO: object-layout switch rejected sourceScreen=BluetoothPi:BluetoothPi-1 direction=left directDestination=<none> directionalDestination=<none> resolvedDestination=<none> reason=no-valid-destination
[2026-07-17T00:00:49] INFO: object-layout evaluate activeClient=BluetoothPi activeLayout=BluetoothPi:BluetoothPi-1 sourceScreen=BluetoothPi:BluetoothPi-1 absolute=no local=-1923,-1 localScreen=-1920,0 1920x1080 direction=left global=-1923,-1
[2026-07-17T00:00:49] INFO: object-layout resolve sourceScreen=BluetoothPi:BluetoothPi-1 direction=left directDestination=<none> directionalDestination=<none> resolvedDestination=<none>
[2026-07-17T00:00:49] INFO: object-layout switch rejected sourceScreen=BluetoothPi:BluetoothPi-1 direction=left directDestination=<none> directionalDestination=<none> resolvedDestination=<none> reason=no-valid-destination
[2026-07-17T00:00:49] INFO: object-layout evaluate activeClient=BluetoothPi activeLayout=BluetoothPi:BluetoothPi-1 sourceScreen=BluetoothPi:BluetoothPi-1 absolute=no local=-1922,-1 localScreen=-1920,0 1920x1080 direction=left global=-1922,-1
[2026-07-17T00:00:49] INFO: object-layout resolve sourceScreen=BluetoothPi:BluetoothPi-1 direction=left directDestination=<none> directionalDestination=<none> resolvedDestination=<none>
[2026-07-17T00:00:49] INFO: object-layout switch rejected sourceScreen=BluetoothPi:BluetoothPi-1 direction=left directDestination=<none> directionalDestination=<none> resolvedDestination=<none> reason=no-valid-destination
[2026-07-17T00:00:49] INFO: object-layout evaluate activeClient=BluetoothPi activeLayout=BluetoothPi:BluetoothPi-1 sourceScreen=BluetoothPi:BluetoothPi-1 absolute=no local=-1922,-1 localScreen=-1920,0 1920x1080 direction=left global=-1922,-1
[2026-07-17T00:00:49] INFO: object-layout resolve sourceScreen=BluetoothPi:BluetoothPi-1 direction=left directDestination=<none> directionalDestination=<none> resolvedDestination=<none>
[2026-07-17T00:00:49] INFO: object-layout switch rejected sourceScreen=BluetoothPi:BluetoothPi-1 direction=left directDestination=<none> directionalDestination=<none> resolvedDestination=<none> reason=no-valid-destination
[2026-07-17T00:00:49] INFO: object-layout evaluate activeClient=BluetoothPi activeLayout=BluetoothPi:BluetoothPi-1 sourceScreen=BluetoothPi:BluetoothPi-1 absolute=no local=-1923,0 localScreen=-1920,0 1920x1080 direction=left global=-1923,0
[2026-07-17T00:00:49] INFO: object-layout resolve sourceScreen=BluetoothPi:BluetoothPi-1 direction=left directDestination=<none> directionalDestination=<none> resolvedDestination=<none>
[2026-07-17T00:00:49] INFO: object-layout switch rejected sourceScreen=BluetoothPi:BluetoothPi-1 direction=left directDestination=<none> directionalDestination=<none> resolvedDestination=<none> reason=no-valid-destination
[2026-07-17T00:00:49] INFO: object-layout evaluate activeClient=BluetoothPi activeLayout=BluetoothPi:BluetoothPi-1 sourceScreen=BluetoothPi:BluetoothPi-1 absolute=no local=-1922,-1 localScreen=-1920,0 1920x1080 direction=left global=-1922,-1
[2026-07-17T00:00:49] INFO: object-layout resolve sourceScreen=BluetoothPi:BluetoothPi-1 direction=left directDestination=<none> directionalDestination=<none> resolvedDestination=<none>
[2026-07-17T00:00:49] INFO: object-layout switch rejected sourceScreen=BluetoothPi:BluetoothPi-1 direction=left directDestination=<none> directionalDestination=<none> resolvedDestination=<none> reason=no-valid-destination
[2026-07-17T00:00:49] INFO: object-layout evaluate activeClient=BluetoothPi activeLayout=BluetoothPi:BluetoothPi-1 sourceScreen=BluetoothPi:BluetoothPi-1 absolute=no local=-1922,-1 localScreen=-1920,0 1920x1080 direction=left global=-1922,-1
[2026-07-17T00:00:49] INFO: object-layout resolve sourceScreen=BluetoothPi:BluetoothPi-1 direction=left directDestination=<none> directionalDestination=<none> resolvedDestination=<none>
[2026-07-17T00:00:49] INFO: object-layout switch rejected sourceScreen=BluetoothPi:BluetoothPi-1 direction=left directDestination=<none> directionalDestination=<none> resolvedDestination=<none> reason=no-valid-destination
[2026-07-17T00:00:49] INFO: object-layout evaluate activeClient=BluetoothPi activeLayout=BluetoothPi:BluetoothPi-1 sourceScreen=BluetoothPi:BluetoothPi-1 absolute=no local=-1923,-2 localScreen=-1920,0 1920x1080 direction=left global=-1923,-2
[2026-07-17T00:00:49] INFO: object-layout resolve sourceScreen=BluetoothPi:BluetoothPi-1 direction=left directDestination=<none> directionalDestination=<none> resolvedDestination=<none>
[2026-07-17T00:00:49] INFO: object-layout switch rejected sourceScreen=BluetoothPi:BluetoothPi-1 direction=left directDestination=<none> directionalDestination=<none> resolvedDestination=<none> reason=no-valid-destination
[2026-07-17T00:00:49] INFO: object-layout evaluate activeClient=BluetoothPi activeLayout=BluetoothPi:BluetoothPi-1 sourceScreen=BluetoothPi:BluetoothPi-1 absolute=no local=-1923,-1 localScreen=-1920,0 1920x1080 direction=left global=-1923,-1
[2026-07-17T00:00:49] INFO: object-layout resolve sourceScreen=BluetoothPi:BluetoothPi-1 direction=left directDestination=<none> directionalDestination=<none> resolvedDestination=<none>
[2026-07-17T00:00:49] INFO: object-layout switch rejected sourceScreen=BluetoothPi:BluetoothPi-1 direction=left directDestination=<none> directionalDestination=<none> resolvedDestination=<none> reason=no-valid-destination
[2026-07-17T00:00:49] INFO: object-layout evaluate activeClient=BluetoothPi activeLayout=BluetoothPi:BluetoothPi-1 sourceScreen=BluetoothPi:BluetoothPi-1 absolute=no local=-1923,-2 localScreen=-1920,0 1920x1080 direction=left global=-1923,-2
[2026-07-17T00:00:49] INFO: object-layout resolve sourceScreen=BluetoothPi:BluetoothPi-1 direction=left directDestination=<none> directionalDestination=<none> resolvedDestination=<none>
[2026-07-17T00:00:49] INFO: object-layout switch rejected sourceScreen=BluetoothPi:BluetoothPi-1 direction=left directDestination=<none> directionalDestination=<none> resolvedDestination=<none> reason=no-valid-destination
[2026-07-17T00:00:49] INFO: object-layout evaluate activeClient=BluetoothPi activeLayout=BluetoothPi:BluetoothPi-1 sourceScreen=BluetoothPi:BluetoothPi-1 absolute=no local=-1922,-1 localScreen=-1920,0 1920x1080 direction=left global=-1922,-1
[2026-07-17T00:00:49] INFO: object-layout resolve sourceScreen=BluetoothPi:BluetoothPi-1 direction=left directDestination=<none> directionalDestination=<none> resolvedDestination=<none>
[2026-07-17T00:00:49] INFO: object-layout switch rejected sourceScreen=BluetoothPi:BluetoothPi-1 direction=left directDestination=<none> directionalDestination=<none> resolvedDestination=<none> reason=no-valid-destination
[2026-07-17T00:00:49] INFO: object-layout evaluate activeClient=BluetoothPi activeLayout=BluetoothPi:BluetoothPi-1 sourceScreen=BluetoothPi:BluetoothPi-1 absolute=no local=-1921,-1 localScreen=-1920,0 1920x1080 direction=left global=-1921,-1
[2026-07-17T00:00:49] INFO: object-layout resolve sourceScreen=BluetoothPi:BluetoothPi-1 direction=left directDestination=<none> directionalDestination=<none> resolvedDestination=<none>
[2026-07-17T00:00:49] INFO: object-layout switch rejected sourceScreen=BluetoothPi:BluetoothPi-1 direction=left directDestination=<none> directionalDestination=<none> resolvedDestination=<none> reason=no-valid-destination
[2026-07-17T00:00:49] INFO: object-layout evaluate activeClient=BluetoothPi activeLayout=BluetoothPi:BluetoothPi-1 sourceScreen=BluetoothPi:BluetoothPi-1 absolute=no local=-1921,0 localScreen=-1920,0 1920x1080 direction=left global=-1921,0
[2026-07-17T00:00:49] INFO: object-layout resolve sourceScreen=BluetoothPi:BluetoothPi-1 direction=left directDestination=<none> directionalDestination=<none> resolvedDestination=<none>
[2026-07-17T00:00:49] INFO: object-layout switch rejected sourceScreen=BluetoothPi:BluetoothPi-1 direction=left directDestination=<none> directionalDestination=<none> resolvedDestination=<none> reason=no-valid-destination
[2026-07-17T00:00:49] INFO: object-layout evaluate activeClient=BluetoothPi activeLayout=BluetoothPi:BluetoothPi-1 sourceScreen=BluetoothPi:BluetoothPi-1 absolute=no local=-1921,-1 localScreen=-1920,0 1920x1080 direction=left global=-1921,-1
[2026-07-17T00:00:49] INFO: object-layout resolve sourceScreen=BluetoothPi:BluetoothPi-1 direction=left directDestination=<none> directionalDestination=<none> resolvedDestination=<none>
[2026-07-17T00:00:49] INFO: object-layout switch rejected sourceScreen=BluetoothPi:BluetoothPi-1 direction=left directDestination=<none> directionalDestination=<none> resolvedDestination=<none> reason=no-valid-destination
[2026-07-17T00:00:49] INFO: object-layout evaluate activeClient=BluetoothPi activeLayout=BluetoothPi:BluetoothPi-1 sourceScreen=BluetoothPi:BluetoothPi-1 absolute=no local=-1920,-1 localScreen=-1920,0 1920x1080 direction=up global=-1920,-1
[2026-07-17T00:00:49] INFO: object-layout resolve sourceScreen=BluetoothPi:BluetoothPi-1 direction=up directDestination=<none> directionalDestination=<none> resolvedDestination=<none>
[2026-07-17T00:00:49] INFO: object-layout switch rejected sourceScreen=BluetoothPi:BluetoothPi-1 direction=up directDestination=<none> directionalDestination=<none> resolvedDestination=<none> reason=no-valid-destination
[2026-07-17T00:00:49] INFO: object-layout evaluate activeClient=BluetoothPi activeLayout=BluetoothPi:BluetoothPi-1 sourceScreen=BluetoothPi:BluetoothPi-1 absolute=no local=-1921,0 localScreen=-1920,0 1920x1080 direction=left global=-1921,0
[2026-07-17T00:00:49] INFO: object-layout resolve sourceScreen=BluetoothPi:BluetoothPi-1 direction=left directDestination=<none> directionalDestination=<none> resolvedDestination=<none>
[2026-07-17T00:00:49] INFO: object-layout switch rejected sourceScreen=BluetoothPi:BluetoothPi-1 direction=left directDestination=<none> directionalDestination=<none> resolvedDestination=<none> reason=no-valid-destination
[2026-07-17T00:00:49] INFO: object-layout evaluate activeClient=BluetoothPi activeLayout=BluetoothPi:BluetoothPi-1 sourceScreen=BluetoothPi:BluetoothPi-1 absolute=no local=-1920,-1 localScreen=-1920,0 1920x1080 direction=up global=-1920,-1
[2026-07-17T00:00:49] INFO: object-layout resolve sourceScreen=BluetoothPi:BluetoothPi-1 direction=up directDestination=<none> directionalDestination=<none> resolvedDestination=<none>
[2026-07-17T00:00:49] INFO: object-layout switch rejected sourceScreen=BluetoothPi:BluetoothPi-1 direction=up directDestination=<none> directionalDestination=<none> resolvedDestination=<none> reason=no-valid-destination
[2026-07-17T00:00:49] INFO: object-layout evaluate activeClient=BluetoothPi activeLayout=BluetoothPi:BluetoothPi-1 sourceScreen=BluetoothPi:BluetoothPi-1 absolute=no local=-1921,0 localScreen=-1920,0 1920x1080 direction=left global=-1921,0
[2026-07-17T00:00:49] INFO: object-layout resolve sourceScreen=BluetoothPi:BluetoothPi-1 direction=left directDestination=<none> directionalDestination=<none> resolvedDestination=<none>
[2026-07-17T00:00:49] INFO: object-layout switch rejected sourceScreen=BluetoothPi:BluetoothPi-1 direction=left directDestination=<none> directionalDestination=<none> resolvedDestination=<none> reason=no-valid-destination
[2026-07-17T00:00:50] INFO: object-layout evaluate activeClient=BluetoothPi activeLayout=BluetoothPi:BluetoothPi-1 sourceScreen=BluetoothPi:BluetoothPi-1 absolute=no local=-1926,-6 localScreen=-1920,0 1920x1080 direction=left global=-1926,-6
[2026-07-17T00:00:50] INFO: object-layout resolve sourceScreen=BluetoothPi:BluetoothPi-1 direction=left directDestination=<none> directionalDestination=<none> resolvedDestination=<none>
[2026-07-17T00:00:50] INFO: object-layout switch rejected sourceScreen=BluetoothPi:BluetoothPi-1 direction=left directDestination=<none> directionalDestination=<none> resolvedDestination=<none> reason=no-valid-destination
[2026-07-17T00:00:50] INFO: object-layout evaluate activeClient=BluetoothPi activeLayout=BluetoothPi:BluetoothPi-1 sourceScreen=BluetoothPi:BluetoothPi-1 absolute=no local=-1931,-9 localScreen=-1920,0 1920x1080 direction=left global=-1931,-9
[2026-07-17T00:00:50] INFO: object-layout resolve sourceScreen=BluetoothPi:BluetoothPi-1 direction=left directDestination=<none> directionalDestination=<none> resolvedDestination=<none>
[2026-07-17T00:00:50] INFO: object-layout switch rejected sourceScreen=BluetoothPi:BluetoothPi-1 direction=left directDestination=<none> directionalDestination=<none> resolvedDestination=<none> reason=no-valid-destination
[2026-07-17T00:00:50] INFO: object-layout evaluate activeClient=BluetoothPi activeLayout=BluetoothPi:BluetoothPi-1 sourceScreen=BluetoothPi:BluetoothPi-1 absolute=no local=-1936,-9 localScreen=-1920,0 1920x1080 direction=left global=-1936,-9
[2026-07-17T00:00:50] INFO: object-layout resolve sourceScreen=BluetoothPi:BluetoothPi-1 direction=left directDestination=<none> directionalDestination=<none> resolvedDestination=<none>
[2026-07-17T00:00:50] INFO: object-layout switch rejected sourceScreen=BluetoothPi:BluetoothPi-1 direction=left directDestination=<none> directionalDestination=<none> resolvedDestination=<none> reason=no-valid-destination
[2026-07-17T00:00:50] INFO: object-layout evaluate activeClient=BluetoothPi activeLayout=BluetoothPi:BluetoothPi-1 sourceScreen=BluetoothPi:BluetoothPi-1 absolute=no local=-1943,-12 localScreen=-1920,0 1920x1080 direction=left global=-1943,-12
[2026-07-17T00:00:50] INFO: object-layout resolve sourceScreen=BluetoothPi:BluetoothPi-1 direction=left directDestination=<none> directionalDestination=<none> resolvedDestination=<none>
[2026-07-17T00:00:50] INFO: object-layout switch rejected sourceScreen=BluetoothPi:BluetoothPi-1 direction=left directDestination=<none> directionalDestination=<none> resolvedDestination=<none> reason=no-valid-destination
[2026-07-17T00:00:50] INFO: object-layout evaluate activeClient=BluetoothPi activeLayout=BluetoothPi:BluetoothPi-1 sourceScreen=BluetoothPi:BluetoothPi-1 absolute=no local=-1945,-11 localScreen=-1920,0 1920x1080 direction=left global=-1945,-11
[2026-07-17T00:00:50] INFO: object-layout resolve sourceScreen=BluetoothPi:BluetoothPi-1 direction=left directDestination=<none> directionalDestination=<none> resolvedDestination=<none>
[2026-07-17T00:00:50] INFO: object-layout switch rejected sourceScreen=BluetoothPi:BluetoothPi-1 direction=left directDestination=<none> directionalDestination=<none> resolvedDestination=<none> reason=no-valid-destination
[2026-07-17T00:00:50] INFO: object-layout evaluate activeClient=BluetoothPi activeLayout=BluetoothPi:BluetoothPi-1 sourceScreen=BluetoothPi:BluetoothPi-1 absolute=no local=-1951,-10 localScreen=-1920,0 1920x1080 direction=left global=-1951,-10
[2026-07-17T00:00:50] INFO: object-layout resolve sourceScreen=BluetoothPi:BluetoothPi-1 direction=left directDestination=<none> directionalDestination=<none> resolvedDestination=<none>
[2026-07-17T00:00:50] INFO: object-layout switch rejected sourceScreen=BluetoothPi:BluetoothPi-1 direction=left directDestination=<none> directionalDestination=<none> resolvedDestination=<none> reason=no-valid-destination
[2026-07-17T00:00:50] INFO: object-layout evaluate activeClient=BluetoothPi activeLayout=BluetoothPi:BluetoothPi-1 sourceScreen=BluetoothPi:BluetoothPi-1 absolute=no local=-1958,-10 localScreen=-1920,0 1920x1080 direction=left global=-1958,-10
[2026-07-17T00:00:50] INFO: object-layout resolve sourceScreen=BluetoothPi:BluetoothPi-1 direction=left directDestination=<none> directionalDestination=<none> resolvedDestination=<none>
[2026-07-17T00:00:50] INFO: object-layout switch rejected sourceScreen=BluetoothPi:BluetoothPi-1 direction=left directDestination=<none> directionalDestination=<none> resolvedDestination=<none> reason=no-valid-destination
[2026-07-17T00:00:50] INFO: object-layout evaluate activeClient=BluetoothPi activeLayout=BluetoothPi:BluetoothPi-1 sourceScreen=BluetoothPi:BluetoothPi-1 absolute=no local=-1959,-8 localScreen=-1920,0 1920x1080 direction=left global=-1959,-8
[2026-07-17T00:00:50] INFO: object-layout resolve sourceScreen=BluetoothPi:BluetoothPi-1 direction=left directDestination=<none> directionalDestination=<none> resolvedDestination=<none>
[2026-07-17T00:00:50] INFO: object-layout switch rejected sourceScreen=BluetoothPi:BluetoothPi-1 direction=left directDestination=<none> directionalDestination=<none> resolvedDestination=<none> reason=no-valid-destination
[2026-07-17T00:00:50] INFO: object-layout evaluate activeClient=BluetoothPi activeLayout=BluetoothPi:BluetoothPi-1 sourceScreen=BluetoothPi:BluetoothPi-1 absolute=no local=-1968,-14 localScreen=-1920,0 1920x1080 direction=left global=-1968,-14
[2026-07-17T00:00:50] INFO: object-layout resolve sourceScreen=BluetoothPi:BluetoothPi-1 direction=left directDestination=<none> directionalDestination=<none> resolvedDestination=<none>
[2026-07-17T00:00:50] INFO: object-layout switch rejected sourceScreen=BluetoothPi:BluetoothPi-1 direction=left directDestination=<none> directionalDestination=<none> resolvedDestination=<none> reason=no-valid-destination
[2026-07-17T00:00:50] INFO: object-layout evaluate activeClient=BluetoothPi activeLayout=BluetoothPi:BluetoothPi-1 sourceScreen=BluetoothPi:BluetoothPi-1 absolute=no local=-1970,-11 localScreen=-1920,0 1920x1080 direction=left global=-1970,-11
[2026-07-17T00:00:50] INFO: object-layout resolve sourceScreen=BluetoothPi:BluetoothPi-1 direction=left directDestination=<none> directionalDestination=<none> resolvedDestination=<none>
[2026-07-17T00:00:50] INFO: object-layout switch rejected sourceScreen=BluetoothPi:BluetoothPi-1 direction=left directDestination=<none> directionalDestination=<none> resolvedDestination=<none> reason=no-valid-destination
[2026-07-17T00:00:50] INFO: object-layout evaluate activeClient=BluetoothPi activeLayout=BluetoothPi:BluetoothPi-1 sourceScreen=BluetoothPi:BluetoothPi-1 absolute=no local=-1977,-12 localScreen=-1920,0 1920x1080 direction=left global=-1977,-12
[2026-07-17T00:00:50] INFO: object-layout resolve sourceScreen=BluetoothPi:BluetoothPi-1 direction=left directDestination=<none> directionalDestination=<none> resolvedDestination=<none>
[2026-07-17T00:00:50] INFO: object-layout switch rejected sourceScreen=BluetoothPi:BluetoothPi-1 direction=left directDestination=<none> directionalDestination=<none> resolvedDestination=<none> reason=no-valid-destination
[2026-07-17T00:00:50] INFO: object-layout evaluate activeClient=BluetoothPi activeLayout=BluetoothPi:BluetoothPi-1 sourceScreen=BluetoothPi:BluetoothPi-1 absolute=no local=-1977,-14 localScreen=-1920,0 1920x1080 direction=left global=-1977,-14
[2026-07-17T00:00:50] INFO: object-layout resolve sourceScreen=BluetoothPi:BluetoothPi-1 direction=left directDestination=<none> directionalDestination=<none> resolvedDestination=<none>
[2026-07-17T00:00:50] INFO: object-layout switch rejected sourceScreen=BluetoothPi:BluetoothPi-1 direction=left directDestination=<none> directionalDestination=<none> resolvedDestination=<none> reason=no-valid-destination
[2026-07-17T00:00:50] INFO: object-layout evaluate activeClient=BluetoothPi activeLayout=BluetoothPi:BluetoothPi-1 sourceScreen=BluetoothPi:BluetoothPi-1 absolute=no local=-1984,-15 localScreen=-1920,0 1920x1080 direction=left global=-1984,-15
[2026-07-17T00:00:50] INFO: object-layout resolve sourceScreen=BluetoothPi:BluetoothPi-1 direction=left directDestination=<none> directionalDestination=<none> resolvedDestination=<none>
[2026-07-17T00:00:50] INFO: object-layout switch rejected sourceScreen=BluetoothPi:BluetoothPi-1 direction=left directDestination=<none> directionalDestination=<none> resolvedDestination=<none> reason=no-valid-destination
[2026-07-17T00:00:50] INFO: object-layout evaluate activeClient=BluetoothPi activeLayout=BluetoothPi:BluetoothPi-1 sourceScreen=BluetoothPi:BluetoothPi-1 absolute=no local=-1987,-15 localScreen=-1920,0 1920x1080 direction=left global=-1987,-15
[2026-07-17T00:00:50] INFO: object-layout resolve sourceScreen=BluetoothPi:BluetoothPi-1 direction=left directDestination=<none> directionalDestination=<none> resolvedDestination=<none>
[2026-07-17T00:00:50] INFO: object-layout switch rejected sourceScreen=BluetoothPi:BluetoothPi-1 direction=left directDestination=<none> directionalDestination=<none> resolvedDestination=<none> reason=no-valid-destination
[2026-07-17T00:00:50] INFO: object-layout evaluate activeClient=BluetoothPi activeLayout=BluetoothPi:BluetoothPi-1 sourceScreen=BluetoothPi:BluetoothPi-1 absolute=no local=-1990,-18 localScreen=-1920,0 1920x1080 direction=left global=-1990,-18
[2026-07-17T00:00:50] INFO: object-layout resolve sourceScreen=BluetoothPi:BluetoothPi-1 direction=left directDestination=<none> directionalDestination=<none> resolvedDestination=<none>
[2026-07-17T00:00:50] INFO: object-layout switch rejected sourceScreen=BluetoothPi:BluetoothPi-1 direction=left directDestination=<none> directionalDestination=<none> resolvedDestination=<none> reason=no-valid-destination
[2026-07-17T00:00:50] INFO: object-layout evaluate activeClient=BluetoothPi activeLayout=BluetoothPi:BluetoothPi-1 sourceScreen=BluetoothPi:BluetoothPi-1 absolute=no local=-1991,-17 localScreen=-1920,0 1920x1080 direction=left global=-1991,-17
[2026-07-17T00:00:50] INFO: object-layout resolve sourceScreen=BluetoothPi:BluetoothPi-1 direction=left directDestination=<none> directionalDestination=<none> resolvedDestination=<none>
[2026-07-17T00:00:50] INFO: object-layout switch rejected sourceScreen=BluetoothPi:BluetoothPi-1 direction=left directDestination=<none> directionalDestination=<none> resolvedDestination=<none> reason=no-valid-destination
[2026-07-17T00:00:50] INFO: object-layout evaluate activeClient=BluetoothPi activeLayout=BluetoothPi:BluetoothPi-1 sourceScreen=BluetoothPi:BluetoothPi-1 absolute=no local=-1991,-23 localScreen=-1920,0 1920x1080 direction=left global=-1991,-23
[2026-07-17T00:00:50] INFO: object-layout resolve sourceScreen=BluetoothPi:BluetoothPi-1 direction=left directDestination=<none> directionalDestination=<none> resolvedDestination=<none>
[2026-07-17T00:00:50] INFO: object-layout switch rejected sourceScreen=BluetoothPi:BluetoothPi-1 direction=left directDestination=<none> directionalDestination=<none> resolvedDestination=<none> reason=no-valid-destination
[2026-07-17T00:00:50] INFO: object-layout evaluate activeClient=BluetoothPi activeLayout=BluetoothPi:BluetoothPi-1 sourceScreen=BluetoothPi:BluetoothPi-1 absolute=no local=-1991,-23 localScreen=-1920,0 1920x1080 direction=left global=-1991,-23
[2026-07-17T00:00:50] INFO: object-layout resolve sourceScreen=BluetoothPi:BluetoothPi-1 direction=left directDestination=<none> directionalDestination=<none> resolvedDestination=<none>
[2026-07-17T00:00:50] INFO: object-layout switch rejected sourceScreen=BluetoothPi:BluetoothPi-1 direction=left directDestination=<none> directionalDestination=<none> resolvedDestination=<none> reason=no-valid-destination
[2026-07-17T00:00:50] INFO: object-layout evaluate activeClient=BluetoothPi activeLayout=BluetoothPi:BluetoothPi-1 sourceScreen=BluetoothPi:BluetoothPi-1 absolute=no local=-1992,-26 localScreen=-1920,0 1920x1080 direction=left global=-1992,-26
[2026-07-17T00:00:50] INFO: object-layout resolve sourceScreen=BluetoothPi:BluetoothPi-1 direction=left directDestination=<none> directionalDestination=<none> resolvedDestination=<none>
[2026-07-17T00:00:50] INFO: object-layout switch rejected sourceScreen=BluetoothPi:BluetoothPi-1 direction=left directDestination=<none> directionalDestination=<none> resolvedDestination=<none> reason=no-valid-destination
[2026-07-17T00:00:50] INFO: object-layout evaluate activeClient=BluetoothPi activeLayout=BluetoothPi:BluetoothPi-1 sourceScreen=BluetoothPi:BluetoothPi-1 absolute=no local=-1988,-22 localScreen=-1920,0 1920x1080 direction=left global=-1988,-22
[2026-07-17T00:00:50] INFO: object-layout resolve sourceScreen=BluetoothPi:BluetoothPi-1 direction=left directDestination=<none> directionalDestination=<none> resolvedDestination=<none>
[2026-07-17T00:00:50] INFO: object-layout switch rejected sourceScreen=BluetoothPi:BluetoothPi-1 direction=left directDestination=<none> directionalDestination=<none> resolvedDestination=<none> reason=no-valid-destination
[2026-07-17T00:00:50] INFO: object-layout evaluate activeClient=BluetoothPi activeLayout=BluetoothPi:BluetoothPi-1 sourceScreen=BluetoothPi:BluetoothPi-1 absolute=no local=-1998,-24 localScreen=-1920,0 1920x1080 direction=left global=-1998,-24
[2026-07-17T00:00:50] INFO: object-layout resolve sourceScreen=BluetoothPi:BluetoothPi-1 direction=left directDestination=<none> directionalDestination=<none> resolvedDestination=<none>
[2026-07-17T00:00:50] INFO: object-layout switch rejected sourceScreen=BluetoothPi:BluetoothPi-1 direction=left directDestination=<none> directionalDestination=<none> resolvedDestination=<none> reason=no-valid-destination
[2026-07-17T00:00:50] INFO: object-layout evaluate activeClient=BluetoothPi activeLayout=BluetoothPi:BluetoothPi-1 sourceScreen=BluetoothPi:BluetoothPi-1 absolute=no local=-1991,-23 localScreen=-1920,0 1920x1080 direction=left global=-1991,-23
[2026-07-17T00:00:50] INFO: object-layout resolve sourceScreen=BluetoothPi:BluetoothPi-1 direction=left directDestination=<none> directionalDestination=<none> resolvedDestination=<none>
[2026-07-17T00:00:50] INFO: object-layout switch rejected sourceScreen=BluetoothPi:BluetoothPi-1 direction=left directDestination=<none> directionalDestination=<none> resolvedDestination=<none> reason=no-valid-destination
[2026-07-17T00:00:50] INFO: object-layout evaluate activeClient=BluetoothPi activeLayout=BluetoothPi:BluetoothPi-1 sourceScreen=BluetoothPi:BluetoothPi-1 absolute=no local=-1995,-23 localScreen=-1920,0 1920x1080 direction=left global=-1995,-23
[2026-07-17T00:00:50] INFO: object-layout resolve sourceScreen=BluetoothPi:BluetoothPi-1 direction=left directDestination=<none> directionalDestination=<none> resolvedDestination=<none>
[2026-07-17T00:00:50] INFO: object-layout switch rejected sourceScreen=BluetoothPi:BluetoothPi-1 direction=left directDestination=<none> directionalDestination=<none> resolvedDestination=<none> reason=no-valid-destination
[2026-07-17T00:00:50] INFO: object-layout evaluate activeClient=BluetoothPi activeLayout=BluetoothPi:BluetoothPi-1 sourceScreen=BluetoothPi:BluetoothPi-1 absolute=no local=-1988,-25 localScreen=-1920,0 1920x1080 direction=left global=-1988,-25
[2026-07-17T00:00:50] INFO: object-layout resolve sourceScreen=BluetoothPi:BluetoothPi-1 direction=left directDestination=<none> directionalDestination=<none> resolvedDestination=<none>
[2026-07-17T00:00:50] INFO: object-layout switch rejected sourceScreen=BluetoothPi:BluetoothPi-1 direction=left directDestination=<none> directionalDestination=<none> resolvedDestination=<none> reason=no-valid-destination
[2026-07-17T00:00:50] INFO: object-layout evaluate activeClient=BluetoothPi activeLayout=BluetoothPi:BluetoothPi-1 sourceScreen=BluetoothPi:BluetoothPi-1 absolute=no local=-1991,-23 localScreen=-1920,0 1920x1080 direction=left global=-1991,-23
[2026-07-17T00:00:50] INFO: object-layout resolve sourceScreen=BluetoothPi:BluetoothPi-1 direction=left directDestination=<none> directionalDestination=<none> resolvedDestination=<none>
[2026-07-17T00:00:50] INFO: object-layout switch rejected sourceScreen=BluetoothPi:BluetoothPi-1 direction=left directDestination=<none> directionalDestination=<none> resolvedDestination=<none> reason=no-valid-destination
[2026-07-17T00:00:50] INFO: object-layout evaluate activeClient=BluetoothPi activeLayout=BluetoothPi:BluetoothPi-1 sourceScreen=BluetoothPi:BluetoothPi-1 absolute=no local=-1992,-23 localScreen=-1920,0 1920x1080 direction=left global=-1992,-23
[2026-07-17T00:00:50] INFO: object-layout resolve sourceScreen=BluetoothPi:BluetoothPi-1 direction=left directDestination=<none> directionalDestination=<none> resolvedDestination=<none>
[2026-07-17T00:00:50] INFO: object-layout switch rejected sourceScreen=BluetoothPi:BluetoothPi-1 direction=left directDestination=<none> directionalDestination=<none> resolvedDestination=<none> reason=no-valid-destination
[2026-07-17T00:00:50] INFO: object-layout evaluate activeClient=BluetoothPi activeLayout=BluetoothPi:BluetoothPi-1 sourceScreen=BluetoothPi:BluetoothPi-1 absolute=no local=-1994,-20 localScreen=-1920,0 1920x1080 direction=left global=-1994,-20
[2026-07-17T00:00:50] INFO: object-layout resolve sourceScreen=BluetoothPi:BluetoothPi-1 direction=left directDestination=<none> directionalDestination=<none> resolvedDestination=<none>
[2026-07-17T00:00:50] INFO: object-layout switch rejected sourceScreen=BluetoothPi:BluetoothPi-1 direction=left directDestination=<none> directionalDestination=<none> resolvedDestination=<none> reason=no-valid-destination
[2026-07-17T00:00:50] INFO: object-layout evaluate activeClient=BluetoothPi activeLayout=BluetoothPi:BluetoothPi-1 sourceScreen=BluetoothPi:BluetoothPi-1 absolute=no local=-1991,-21 localScreen=-1920,0 1920x1080 direction=left global=-1991,-21
[2026-07-17T00:00:50] INFO: object-layout resolve sourceScreen=BluetoothPi:BluetoothPi-1 direction=left directDestination=<none> directionalDestination=<none> resolvedDestination=<none>
[2026-07-17T00:00:50] INFO: object-layout switch rejected sourceScreen=BluetoothPi:BluetoothPi-1 direction=left directDestination=<none> directionalDestination=<none> resolvedDestination=<none> reason=no-valid-destination
[2026-07-17T00:00:50] INFO: object-layout evaluate activeClient=BluetoothPi activeLayout=BluetoothPi:BluetoothPi-1 sourceScreen=BluetoothPi:BluetoothPi-1 absolute=no local=-1997,-20 localScreen=-1920,0 1920x1080 direction=left global=-1997,-20
[2026-07-17T00:00:50] INFO: object-layout resolve sourceScreen=BluetoothPi:BluetoothPi-1 direction=left directDestination=<none> directionalDestination=<none> resolvedDestination=<none>
[2026-07-17T00:00:50] INFO: object-layout switch rejected sourceScreen=BluetoothPi:BluetoothPi-1 direction=left directDestination=<none> directionalDestination=<none> resolvedDestination=<none> reason=no-valid-destination
[2026-07-17T00:00:50] INFO: object-layout evaluate activeClient=BluetoothPi activeLayout=BluetoothPi:BluetoothPi-1 sourceScreen=BluetoothPi:BluetoothPi-1 absolute=no local=-1992,-23 localScreen=-1920,0 1920x1080 direction=left global=-1992,-23
[2026-07-17T00:00:50] INFO: object-layout resolve sourceScreen=BluetoothPi:BluetoothPi-1 direction=left directDestination=<none> directionalDestination=<none> resolvedDestination=<none>
[2026-07-17T00:00:50] INFO: object-layout switch rejected sourceScreen=BluetoothPi:BluetoothPi-1 direction=left directDestination=<none> directionalDestination=<none> resolvedDestination=<none> reason=no-valid-destination
[2026-07-17T00:00:50] INFO: object-layout evaluate activeClient=BluetoothPi activeLayout=BluetoothPi:BluetoothPi-1 sourceScreen=BluetoothPi:BluetoothPi-1 absolute=no local=-1991,-26 localScreen=-1920,0 1920x1080 direction=left global=-1991,-26
[2026-07-17T00:00:50] INFO: object-layout resolve sourceScreen=BluetoothPi:BluetoothPi-1 direction=left directDestination=<none> directionalDestination=<none> resolvedDestination=<none>
[2026-07-17T00:00:50] INFO: object-layout switch rejected sourceScreen=BluetoothPi:BluetoothPi-1 direction=left directDestination=<none> directionalDestination=<none> resolvedDestination=<none> reason=no-valid-destination
[2026-07-17T00:00:50] INFO: object-layout evaluate activeClient=BluetoothPi activeLayout=BluetoothPi:BluetoothPi-1 sourceScreen=BluetoothPi:BluetoothPi-1 absolute=no local=-1985,-22 localScreen=-1920,0 1920x1080 direction=left global=-1985,-22
[2026-07-17T00:00:50] INFO: object-layout resolve sourceScreen=BluetoothPi:BluetoothPi-1 direction=left directDestination=<none> directionalDestination=<none> resolvedDestination=<none>
[2026-07-17T00:00:50] INFO: object-layout switch rejected sourceScreen=BluetoothPi:BluetoothPi-1 direction=left directDestination=<none> directionalDestination=<none> resolvedDestination=<none> reason=no-valid-destination
[2026-07-17T00:00:50] INFO: object-layout evaluate activeClient=BluetoothPi activeLayout=BluetoothPi:BluetoothPi-1 sourceScreen=BluetoothPi:BluetoothPi-1 absolute=no local=-1988,-26 localScreen=-1920,0 1920x1080 direction=left global=-1988,-26
[2026-07-17T00:00:50] INFO: object-layout resolve sourceScreen=BluetoothPi:BluetoothPi-1 direction=left directDestination=<none> directionalDestination=<none> resolvedDestination=<none>
[2026-07-17T00:00:50] INFO: object-layout switch rejected sourceScreen=BluetoothPi:BluetoothPi-1 direction=left directDestination=<none> directionalDestination=<none> resolvedDestination=<none> reason=no-valid-destination
[2026-07-17T00:00:50] INFO: object-layout evaluate activeClient=BluetoothPi activeLayout=BluetoothPi:BluetoothPi-1 sourceScreen=BluetoothPi:BluetoothPi-1 absolute=no local=-1985,-22 localScreen=-1920,0 1920x1080 direction=left global=-1985,-22
[2026-07-17T00:00:50] INFO: object-layout resolve sourceScreen=BluetoothPi:BluetoothPi-1 direction=left directDestination=<none> directionalDestination=<none> resolvedDestination=<none>
[2026-07-17T00:00:50] INFO: object-layout switch rejected sourceScreen=BluetoothPi:BluetoothPi-1 direction=left directDestination=<none> directionalDestination=<none> resolvedDestination=<none> reason=no-valid-destination
[2026-07-17T00:00:50] INFO: object-layout evaluate activeClient=BluetoothPi activeLayout=BluetoothPi:BluetoothPi-1 sourceScreen=BluetoothPi:BluetoothPi-1 absolute=no local=-1988,-23 localScreen=-1920,0 1920x1080 direction=left global=-1988,-23
[2026-07-17T00:00:50] INFO: object-layout resolve sourceScreen=BluetoothPi:BluetoothPi-1 direction=left directDestination=<none> directionalDestination=<none> resolvedDestination=<none>
[2026-07-17T00:00:50] INFO: object-layout switch rejected sourceScreen=BluetoothPi:BluetoothPi-1 direction=left directDestination=<none> directionalDestination=<none> resolvedDestination=<none> reason=no-valid-destination
[2026-07-17T00:00:50] INFO: object-layout evaluate activeClient=BluetoothPi activeLayout=BluetoothPi:BluetoothPi-1 sourceScreen=BluetoothPi:BluetoothPi-1 absolute=no local=-1982,-25 localScreen=-1920,0 1920x1080 direction=left global=-1982,-25
[2026-07-17T00:00:50] INFO: object-layout resolve sourceScreen=BluetoothPi:BluetoothPi-1 direction=left directDestination=<none> directionalDestination=<none> resolvedDestination=<none>
[2026-07-17T00:00:50] INFO: object-layout switch rejected sourceScreen=BluetoothPi:BluetoothPi-1 direction=left directDestination=<none> directionalDestination=<none> resolvedDestination=<none> reason=no-valid-destination
[2026-07-17T00:00:50] INFO: object-layout evaluate activeClient=BluetoothPi activeLayout=BluetoothPi:BluetoothPi-1 sourceScreen=BluetoothPi:BluetoothPi-1 absolute=no local=-1988,-22 localScreen=-1920,0 1920x1080 direction=left global=-1988,-22
[2026-07-17T00:00:50] INFO: object-layout resolve sourceScreen=BluetoothPi:BluetoothPi-1 direction=left directDestination=<none> directionalDestination=<none> resolvedDestination=<none>
[2026-07-17T00:00:50] INFO: object-layout switch rejected sourceScreen=BluetoothPi:BluetoothPi-1 direction=left directDestination=<none> directionalDestination=<none> resolvedDestination=<none> reason=no-valid-destination
[2026-07-17T00:00:50] INFO: object-layout evaluate activeClient=BluetoothPi activeLayout=BluetoothPi:BluetoothPi-1 sourceScreen=BluetoothPi:BluetoothPi-1 absolute=no local=-1975,-19 localScreen=-1920,0 1920x1080 direction=left global=-1975,-19
[2026-07-17T00:00:50] INFO: object-layout resolve sourceScreen=BluetoothPi:BluetoothPi-1 direction=left directDestination=<none> directionalDestination=<none> resolvedDestination=<none>
[2026-07-17T00:00:50] INFO: object-layout switch rejected sourceScreen=BluetoothPi:BluetoothPi-1 direction=left directDestination=<none> directionalDestination=<none> resolvedDestination=<none> reason=no-valid-destination
[2026-07-17T00:00:50] INFO: object-layout evaluate activeClient=BluetoothPi activeLayout=BluetoothPi:BluetoothPi-1 sourceScreen=BluetoothPi:BluetoothPi-1 absolute=no local=-1978,-20 localScreen=-1920,0 1920x1080 direction=left global=-1978,-20
[2026-07-17T00:00:50] INFO: object-layout resolve sourceScreen=BluetoothPi:BluetoothPi-1 direction=left directDestination=<none> directionalDestination=<none> resolvedDestination=<none>
[2026-07-17T00:00:50] INFO: object-layout switch rejected sourceScreen=BluetoothPi:BluetoothPi-1 direction=left directDestination=<none> directionalDestination=<none> resolvedDestination=<none> reason=no-valid-destination
[2026-07-17T00:00:50] INFO: object-layout evaluate activeClient=BluetoothPi activeLayout=BluetoothPi:BluetoothPi-1 sourceScreen=BluetoothPi:BluetoothPi-1 absolute=no local=-1978,-16 localScreen=-1920,0 1920x1080 direction=left global=-1978,-16
[2026-07-17T00:00:50] INFO: object-layout resolve sourceScreen=BluetoothPi:BluetoothPi-1 direction=left directDestination=<none> directionalDestination=<none> resolvedDestination=<none>
[2026-07-17T00:00:50] INFO: object-layout switch rejected sourceScreen=BluetoothPi:BluetoothPi-1 direction=left directDestination=<none> directionalDestination=<none> resolvedDestination=<none> reason=no-valid-destination
[2026-07-17T00:00:50] INFO: object-layout evaluate activeClient=BluetoothPi activeLayout=BluetoothPi:BluetoothPi-1 sourceScreen=BluetoothPi:BluetoothPi-1 absolute=no local=-1971,-17 localScreen=-1920,0 1920x1080 direction=left global=-1971,-17
[2026-07-17T00:00:50] INFO: object-layout resolve sourceScreen=BluetoothPi:BluetoothPi-1 direction=left directDestination=<none> directionalDestination=<none> resolvedDestination=<none>
[2026-07-17T00:00:50] INFO: object-layout switch rejected sourceScreen=BluetoothPi:BluetoothPi-1 direction=left directDestination=<none> directionalDestination=<none> resolvedDestination=<none> reason=no-valid-destination
[2026-07-17T00:00:50] INFO: object-layout evaluate activeClient=BluetoothPi activeLayout=BluetoothPi:BluetoothPi-1 sourceScreen=BluetoothPi:BluetoothPi-1 absolute=no local=-1974,-19 localScreen=-1920,0 1920x1080 direction=left global=-1974,-19
[2026-07-17T00:00:50] INFO: object-layout resolve sourceScreen=BluetoothPi:BluetoothPi-1 direction=left directDestination=<none> directionalDestination=<none> resolvedDestination=<none>
[2026-07-17T00:00:50] INFO: object-layout switch rejected sourceScreen=BluetoothPi:BluetoothPi-1 direction=left directDestination=<none> directionalDestination=<none> resolvedDestination=<none> reason=no-valid-destination
[2026-07-17T00:00:50] INFO: object-layout evaluate activeClient=BluetoothPi activeLayout=BluetoothPi:BluetoothPi-1 sourceScreen=BluetoothPi:BluetoothPi-1 absolute=no local=-1968,-13 localScreen=-1920,0 1920x1080 direction=left global=-1968,-13
[2026-07-17T00:00:50] INFO: object-layout resolve sourceScreen=BluetoothPi:BluetoothPi-1 direction=left directDestination=<none> directionalDestination=<none> resolvedDestination=<none>
[2026-07-17T00:00:50] INFO: object-layout switch rejected sourceScreen=BluetoothPi:BluetoothPi-1 direction=left directDestination=<none> directionalDestination=<none> resolvedDestination=<none> reason=no-valid-destination
[2026-07-17T00:00:50] INFO: object-layout evaluate activeClient=BluetoothPi activeLayout=BluetoothPi:BluetoothPi-1 sourceScreen=BluetoothPi:BluetoothPi-1 absolute=no local=-1971,-16 localScreen=-1920,0 1920x1080 direction=left global=-1971,-16
[2026-07-17T00:00:50] INFO: object-layout resolve sourceScreen=BluetoothPi:BluetoothPi-1 direction=left directDestination=<none> directionalDestination=<none> resolvedDestination=<none>
[2026-07-17T00:00:50] INFO: object-layout switch rejected sourceScreen=BluetoothPi:BluetoothPi-1 direction=left directDestination=<none> directionalDestination=<none> resolvedDestination=<none> reason=no-valid-destination
[2026-07-17T00:00:50] INFO: object-layout evaluate activeClient=BluetoothPi activeLayout=BluetoothPi:BluetoothPi-1 sourceScreen=BluetoothPi:BluetoothPi-1 absolute=no local=-1964,-11 localScreen=-1920,0 1920x1080 direction=left global=-1964,-11
[2026-07-17T00:00:50] INFO: object-layout resolve sourceScreen=BluetoothPi:BluetoothPi-1 direction=left directDestination=<none> directionalDestination=<none> resolvedDestination=<none>
[2026-07-17T00:00:50] INFO: object-layout switch rejected sourceScreen=BluetoothPi:BluetoothPi-1 direction=left directDestination=<none> directionalDestination=<none> resolvedDestination=<none> reason=no-valid-destination
[2026-07-17T00:00:50] INFO: object-layout evaluate activeClient=BluetoothPi activeLayout=BluetoothPi:BluetoothPi-1 sourceScreen=BluetoothPi:BluetoothPi-1 absolute=no local=-1967,-12 localScreen=-1920,0 1920x1080 direction=left global=-1967,-12
[2026-07-17T00:00:50] INFO: object-layout resolve sourceScreen=BluetoothPi:BluetoothPi-1 direction=left directDestination=<none> directionalDestination=<none> resolvedDestination=<none>
[2026-07-17T00:00:50] INFO: object-layout switch rejected sourceScreen=BluetoothPi:BluetoothPi-1 direction=left directDestination=<none> directionalDestination=<none> resolvedDestination=<none> reason=no-valid-destination
[2026-07-17T00:00:50] INFO: object-layout evaluate activeClient=BluetoothPi activeLayout=BluetoothPi:BluetoothPi-1 sourceScreen=BluetoothPi:BluetoothPi-1 absolute=no local=-1960,-8 localScreen=-1920,0 1920x1080 direction=left global=-1960,-8
[2026-07-17T00:00:50] INFO: object-layout resolve sourceScreen=BluetoothPi:BluetoothPi-1 direction=left directDestination=<none> directionalDestination=<none> resolvedDestination=<none>
[2026-07-17T00:00:50] INFO: object-layout switch rejected sourceScreen=BluetoothPi:BluetoothPi-1 direction=left directDestination=<none> directionalDestination=<none> resolvedDestination=<none> reason=no-valid-destination
[2026-07-17T00:00:50] INFO: object-layout evaluate activeClient=BluetoothPi activeLayout=BluetoothPi:BluetoothPi-1 sourceScreen=BluetoothPi:BluetoothPi-1 absolute=no local=-1963,-9 localScreen=-1920,0 1920x1080 direction=left global=-1963,-9
[2026-07-17T00:00:50] INFO: object-layout resolve sourceScreen=BluetoothPi:BluetoothPi-1 direction=left directDestination=<none> directionalDestination=<none> resolvedDestination=<none>
[2026-07-17T00:00:50] INFO: object-layout switch rejected sourceScreen=BluetoothPi:BluetoothPi-1 direction=left directDestination=<none> directionalDestination=<none> resolvedDestination=<none> reason=no-valid-destination
[2026-07-17T00:00:50] INFO: object-layout evaluate activeClient=BluetoothPi activeLayout=BluetoothPi:BluetoothPi-1 sourceScreen=BluetoothPi:BluetoothPi-1 absolute=no local=-1953,-8 localScreen=-1920,0 1920x1080 direction=left global=-1953,-8
[2026-07-17T00:00:50] INFO: object-layout resolve sourceScreen=BluetoothPi:BluetoothPi-1 direction=left directDestination=<none> directionalDestination=<none> resolvedDestination=<none>
[2026-07-17T00:00:50] INFO: object-layout switch rejected sourceScreen=BluetoothPi:BluetoothPi-1 direction=left directDestination=<none> directionalDestination=<none> resolvedDestination=<none> reason=no-valid-destination
[2026-07-17T00:00:50] INFO: object-layout evaluate activeClient=BluetoothPi activeLayout=BluetoothPi:BluetoothPi-1 sourceScreen=BluetoothPi:BluetoothPi-1 absolute=no local=-1954,-10 localScreen=-1920,0 1920x1080 direction=left global=-1954,-10
[2026-07-17T00:00:50] INFO: object-layout resolve sourceScreen=BluetoothPi:BluetoothPi-1 direction=left directDestination=<none> directionalDestination=<none> resolvedDestination=<none>
[2026-07-17T00:00:50] INFO: object-layout switch rejected sourceScreen=BluetoothPi:BluetoothPi-1 direction=left directDestination=<none> directionalDestination=<none> resolvedDestination=<none> reason=no-valid-destination
[2026-07-17T00:00:50] INFO: object-layout evaluate activeClient=BluetoothPi activeLayout=BluetoothPi:BluetoothPi-1 sourceScreen=BluetoothPi:BluetoothPi-1 absolute=no local=-1953,-5 localScreen=-1920,0 1920x1080 direction=left global=-1953,-5
[2026-07-17T00:00:50] INFO: object-layout resolve sourceScreen=BluetoothPi:BluetoothPi-1 direction=left directDestination=<none> directionalDestination=<none> resolvedDestination=<none>
[2026-07-17T00:00:50] INFO: object-layout switch rejected sourceScreen=BluetoothPi:BluetoothPi-1 direction=left directDestination=<none> directionalDestination=<none> resolvedDestination=<none> reason=no-valid-destination
[2026-07-17T00:00:50] INFO: object-layout evaluate activeClient=BluetoothPi activeLayout=BluetoothPi:BluetoothPi-1 sourceScreen=BluetoothPi:BluetoothPi-1 absolute=no local=-1947,-8 localScreen=-1920,0 1920x1080 direction=left global=-1947,-8
[2026-07-17T00:00:50] INFO: object-layout resolve sourceScreen=BluetoothPi:BluetoothPi-1 direction=left directDestination=<none> directionalDestination=<none> resolvedDestination=<none>
[2026-07-17T00:00:50] INFO: object-layout switch rejected sourceScreen=BluetoothPi:BluetoothPi-1 direction=left directDestination=<none> directionalDestination=<none> resolvedDestination=<none> reason=no-valid-destination
[2026-07-17T00:00:50] INFO: object-layout evaluate activeClient=BluetoothPi activeLayout=BluetoothPi:BluetoothPi-1 sourceScreen=BluetoothPi:BluetoothPi-1 absolute=no local=-1944,-6 localScreen=-1920,0 1920x1080 direction=left global=-1944,-6
[2026-07-17T00:00:50] INFO: object-layout resolve sourceScreen=BluetoothPi:BluetoothPi-1 direction=left directDestination=<none> directionalDestination=<none> resolvedDestination=<none>
[2026-07-17T00:00:50] INFO: object-layout switch rejected sourceScreen=BluetoothPi:BluetoothPi-1 direction=left directDestination=<none> directionalDestination=<none> resolvedDestination=<none> reason=no-valid-destination
[2026-07-17T00:00:50] INFO: object-layout evaluate activeClient=BluetoothPi activeLayout=BluetoothPi:BluetoothPi-1 sourceScreen=BluetoothPi:BluetoothPi-1 absolute=no local=-1938,-6 localScreen=-1920,0 1920x1080 direction=left global=-1938,-6
[2026-07-17T00:00:50] INFO: object-layout resolve sourceScreen=BluetoothPi:BluetoothPi-1 direction=left directDestination=<none> directionalDestination=<none> resolvedDestination=<none>
[2026-07-17T00:00:50] INFO: object-layout switch rejected sourceScreen=BluetoothPi:BluetoothPi-1 direction=left directDestination=<none> directionalDestination=<none> resolvedDestination=<none> reason=no-valid-destination
[2026-07-17T00:00:50] INFO: object-layout evaluate activeClient=BluetoothPi activeLayout=BluetoothPi:BluetoothPi-1 sourceScreen=BluetoothPi:BluetoothPi-1 absolute=no local=-1935,-6 localScreen=-1920,0 1920x1080 direction=left global=-1935,-6
[2026-07-17T00:00:50] INFO: object-layout resolve sourceScreen=BluetoothPi:BluetoothPi-1 direction=left directDestination=<none> directionalDestination=<none> resolvedDestination=<none>
[2026-07-17T00:00:50] INFO: object-layout switch rejected sourceScreen=BluetoothPi:BluetoothPi-1 direction=left directDestination=<none> directionalDestination=<none> resolvedDestination=<none> reason=no-valid-destination
[2026-07-17T00:00:50] INFO: object-layout evaluate activeClient=BluetoothPi activeLayout=BluetoothPi:BluetoothPi-1 sourceScreen=BluetoothPi:BluetoothPi-1 absolute=no local=-1938,-6 localScreen=-1920,0 1920x1080 direction=left global=-1938,-6
[2026-07-17T00:00:50] INFO: object-layout resolve sourceScreen=BluetoothPi:BluetoothPi-1 direction=left directDestination=<none> directionalDestination=<none> resolvedDestination=<none>
[2026-07-17T00:00:50] INFO: object-layout switch rejected sourceScreen=BluetoothPi:BluetoothPi-1 direction=left directDestination=<none> directionalDestination=<none> resolvedDestination=<none> reason=no-valid-destination
[2026-07-17T00:00:50] INFO: object-layout evaluate activeClient=BluetoothPi activeLayout=BluetoothPi:BluetoothPi-1 sourceScreen=BluetoothPi:BluetoothPi-1 absolute=no local=-1940,-6 localScreen=-1920,0 1920x1080 direction=left global=-1940,-6
[2026-07-17T00:00:50] INFO: object-layout resolve sourceScreen=BluetoothPi:BluetoothPi-1 direction=left directDestination=<none> directionalDestination=<none> resolvedDestination=<none>
[2026-07-17T00:00:50] INFO: object-layout switch rejected sourceScreen=BluetoothPi:BluetoothPi-1 direction=left directDestination=<none> directionalDestination=<none> resolvedDestination=<none> reason=no-valid-destination
[2026-07-17T00:00:50] INFO: object-layout evaluate activeClient=BluetoothPi activeLayout=BluetoothPi:BluetoothPi-1 sourceScreen=BluetoothPi:BluetoothPi-1 absolute=no local=-1938,-6 localScreen=-1920,0 1920x1080 direction=left global=-1938,-6
[2026-07-17T00:00:50] INFO: object-layout resolve sourceScreen=BluetoothPi:BluetoothPi-1 direction=left directDestination=<none> directionalDestination=<none> resolvedDestination=<none>
[2026-07-17T00:00:50] INFO: object-layout switch rejected sourceScreen=BluetoothPi:BluetoothPi-1 direction=left directDestination=<none> directionalDestination=<none> resolvedDestination=<none> reason=no-valid-destination
[2026-07-17T00:00:50] INFO: object-layout evaluate activeClient=BluetoothPi activeLayout=BluetoothPi:BluetoothPi-1 sourceScreen=BluetoothPi:BluetoothPi-1 absolute=no local=-1934,-4 localScreen=-1920,0 1920x1080 direction=left global=-1934,-4
[2026-07-17T00:00:50] INFO: object-layout resolve sourceScreen=BluetoothPi:BluetoothPi-1 direction=left directDestination=<none> directionalDestination=<none> resolvedDestination=<none>
[2026-07-17T00:00:50] INFO: object-layout switch rejected sourceScreen=BluetoothPi:BluetoothPi-1 direction=left directDestination=<none> directionalDestination=<none> resolvedDestination=<none> reason=no-valid-destination
[2026-07-17T00:00:50] INFO: object-layout evaluate activeClient=BluetoothPi activeLayout=BluetoothPi:BluetoothPi-1 sourceScreen=BluetoothPi:BluetoothPi-1 absolute=no local=-1930,-5 localScreen=-1920,0 1920x1080 direction=left global=-1930,-5
[2026-07-17T00:00:50] INFO: object-layout resolve sourceScreen=BluetoothPi:BluetoothPi-1 direction=left directDestination=<none> directionalDestination=<none> resolvedDestination=<none>
[2026-07-17T00:00:50] INFO: object-layout switch rejected sourceScreen=BluetoothPi:BluetoothPi-1 direction=left directDestination=<none> directionalDestination=<none> resolvedDestination=<none> reason=no-valid-destination
[2026-07-17T00:00:50] INFO: object-layout evaluate activeClient=BluetoothPi activeLayout=BluetoothPi:BluetoothPi-1 sourceScreen=BluetoothPi:BluetoothPi-1 absolute=no local=-1925,-5 localScreen=-1920,0 1920x1080 direction=left global=-1925,-5
[2026-07-17T00:00:50] INFO: object-layout resolve sourceScreen=BluetoothPi:BluetoothPi-1 direction=left directDestination=<none> directionalDestination=<none> resolvedDestination=<none>
[2026-07-17T00:00:50] INFO: object-layout switch rejected sourceScreen=BluetoothPi:BluetoothPi-1 direction=left directDestination=<none> directionalDestination=<none> resolvedDestination=<none> reason=no-valid-destination
[2026-07-17T00:00:50] INFO: object-layout evaluate activeClient=BluetoothPi activeLayout=BluetoothPi:BluetoothPi-1 sourceScreen=BluetoothPi:BluetoothPi-1 absolute=no local=-1922,-3 localScreen=-1920,0 1920x1080 direction=left global=-1922,-3
[2026-07-17T00:00:50] INFO: object-layout resolve sourceScreen=BluetoothPi:BluetoothPi-1 direction=left directDestination=<none> directionalDestination=<none> resolvedDestination=<none>
[2026-07-17T00:00:50] INFO: object-layout switch rejected sourceScreen=BluetoothPi:BluetoothPi-1 direction=left directDestination=<none> directionalDestination=<none> resolvedDestination=<none> reason=no-valid-destination
[2026-07-17T00:00:50] INFO: object-layout evaluate activeClient=BluetoothPi activeLayout=BluetoothPi:BluetoothPi-1 sourceScreen=BluetoothPi:BluetoothPi-1 absolute=no local=-1920,-6 localScreen=-1920,0 1920x1080 direction=up global=-1920,-6
[2026-07-17T00:00:50] INFO: object-layout resolve sourceScreen=BluetoothPi:BluetoothPi-1 direction=up directDestination=<none> directionalDestination=<none> resolvedDestination=<none>
[2026-07-17T00:00:50] INFO: object-layout switch rejected sourceScreen=BluetoothPi:BluetoothPi-1 direction=up directDestination=<none> directionalDestination=<none> resolvedDestination=<none> reason=no-valid-destination
[2026-07-17T00:00:50] INFO: object-layout evaluate activeClient=BluetoothPi activeLayout=BluetoothPi:BluetoothPi-1 sourceScreen=BluetoothPi:BluetoothPi-1 absolute=no local=-1920,-6 localScreen=-1920,0 1920x1080 direction=up global=-1920,-6
[2026-07-17T00:00:50] INFO: object-layout resolve sourceScreen=BluetoothPi:BluetoothPi-1 direction=up directDestination=<none> directionalDestination=<none> resolvedDestination=<none>
[2026-07-17T00:00:50] INFO: object-layout switch rejected sourceScreen=BluetoothPi:BluetoothPi-1 direction=up directDestination=<none> directionalDestination=<none> resolvedDestination=<none> reason=no-valid-destination
[2026-07-17T00:00:50] INFO: object-layout evaluate activeClient=BluetoothPi activeLayout=BluetoothPi:BluetoothPi-1 sourceScreen=BluetoothPi:BluetoothPi-1 absolute=no local=-1920,-3 localScreen=-1920,0 1920x1080 direction=up global=-1920,-3
[2026-07-17T00:00:50] INFO: object-layout resolve sourceScreen=BluetoothPi:BluetoothPi-1 direction=up directDestination=<none> directionalDestination=<none> resolvedDestination=<none>
[2026-07-17T00:00:50] INFO: object-layout switch rejected sourceScreen=BluetoothPi:BluetoothPi-1 direction=up directDestination=<none> directionalDestination=<none> resolvedDestination=<none> reason=no-valid-destination
[2026-07-17T00:00:51] INFO: object-layout hard-edge gate activeHost=BluetoothPi sourceScreen=BluetoothPi:BluetoothPi-1 current=-28,549 delta=54,12 requested=26,561 edge=-1,561
[2026-07-17T00:00:51] INFO: object-layout evaluate activeClient=BluetoothPi activeLayout=BluetoothPi:BluetoothPi-1 sourceScreen=BluetoothPi:BluetoothPi-1 absolute=no local=50,575 localScreen=-1920,0 1920x1080 direction=right global=50,575
[2026-07-17T00:00:51] INFO: object-layout resolve sourceScreen=BluetoothPi:BluetoothPi-1 direction=right directDestination=<none> directionalDestination=Siloe:Siloe-1 resolvedDestination=Siloe:Siloe-1
[2026-07-17T00:00:51] INFO: object-layout target sourceScreen=BluetoothPi:BluetoothPi-1 destinationScreen=Siloe:Siloe-1 destinationRect=0,0 1920x1080 target=0,575 direction=right
[2026-07-17T00:00:51] INFO: object-layout switch accepted sourceScreen=BluetoothPi:BluetoothPi-1 destination=Siloe:Siloe-1 client=Siloe-1 target=0,575
[2026-07-17T00:00:51] INFO: switch from "BluetoothPi" to "Siloe-1" at 0,575
[2026-07-17T00:00:51] INFO: entering screen
[2026-07-17T00:00:51] INFO: object-layout recent reverse guard cleared activeHost=Siloe-1 activeScreen=Siloe:Siloe-1 pos=47,586 direction=right
[2026-07-17T00:00:51] INFO: object-layout primary no-edge activeHost=Siloe-1 pos=47,586 hostScreen=Siloe:Siloe-1 localScreen=0,0..1919,1079 desktop=0,0 1920x1080
[2026-07-17T00:00:51] INFO: object-layout primary no-edge activeHost=Siloe-1 pos=94,595 hostScreen=Siloe:Siloe-1 localScreen=0,0..1919,1079 desktop=0,0 1920x1080
[2026-07-17T00:00:51] INFO: object-layout primary no-edge activeHost=Siloe-1 pos=141,606 hostScreen=Siloe:Siloe-1 localScreen=0,0..1919,1079 desktop=0,0 1920x1080
[2026-07-17T00:00:51] INFO: object-layout primary no-edge activeHost=Siloe-1 pos=184,615 hostScreen=Siloe:Siloe-1 localScreen=0,0..1919,1079 desktop=0,0 1920x1080
[2026-07-17T00:00:51] INFO: object-layout primary no-edge activeHost=Siloe-1 pos=223,621 hostScreen=Siloe:Siloe-1 localScreen=0,0..1919,1079 desktop=0,0 1920x1080
[2026-07-17T00:00:51] INFO: object-layout primary no-edge activeHost=Siloe-1 pos=262,627 hostScreen=Siloe:Siloe-1 localScreen=0,0..1919,1079 desktop=0,0 1920x1080
[2026-07-17T00:00:51] INFO: object-layout primary no-edge activeHost=Siloe-1 pos=293,635 hostScreen=Siloe:Siloe-1 localScreen=0,0..1919,1079 desktop=0,0 1920x1080
[2026-07-17T00:00:51] INFO: object-layout primary no-edge activeHost=Siloe-1 pos=322,640 hostScreen=Siloe:Siloe-1 localScreen=0,0..1919,1079 desktop=0,0 1920x1080
[2026-07-17T00:00:51] INFO: object-layout primary no-edge activeHost=Siloe-1 pos=349,645 hostScreen=Siloe:Siloe-1 localScreen=0,0..1919,1079 desktop=0,0 1920x1080
[2026-07-17T00:00:51] INFO: object-layout primary no-edge activeHost=Siloe-1 pos=374,649 hostScreen=Siloe:Siloe-1 localScreen=0,0..1919,1079 desktop=0,0 1920x1080
[2026-07-17T00:00:51] INFO: object-layout primary no-edge activeHost=Siloe-1 pos=393,652 hostScreen=Siloe:Siloe-1 localScreen=0,0..1919,1079 desktop=0,0 1920x1080
[2026-07-17T00:00:51] INFO: object-layout primary no-edge activeHost=Siloe-1 pos=413,655 hostScreen=Siloe:Siloe-1 localScreen=0,0..1919,1079 desktop=0,0 1920x1080
[2026-07-17T00:00:51] INFO: object-layout primary no-edge activeHost=Siloe-1 pos=429,658 hostScreen=Siloe:Siloe-1 localScreen=0,0..1919,1079 desktop=0,0 1920x1080
[2026-07-17T00:00:51] INFO: object-layout primary no-edge activeHost=Siloe-1 pos=446,658 hostScreen=Siloe:Siloe-1 localScreen=0,0..1919,1079 desktop=0,0 1920x1080
[2026-07-17T00:00:51] INFO: object-layout primary no-edge activeHost=Siloe-1 pos=461,659 hostScreen=Siloe:Siloe-1 localScreen=0,0..1919,1079 desktop=0,0 1920x1080
[2026-07-17T00:00:51] INFO: object-layout primary no-edge activeHost=Siloe-1 pos=476,659 hostScreen=Siloe:Siloe-1 localScreen=0,0..1919,1079 desktop=0,0 1920x1080
[2026-07-17T00:00:51] INFO: object-layout primary no-edge activeHost=Siloe-1 pos=486,659 hostScreen=Siloe:Siloe-1 localScreen=0,0..1919,1079 desktop=0,0 1920x1080
[2026-07-17T00:00:51] INFO: object-layout primary no-edge activeHost=Siloe-1 pos=496,659 hostScreen=Siloe:Siloe-1 localScreen=0,0..1919,1079 desktop=0,0 1920x1080
[2026-07-17T00:00:51] INFO: object-layout primary no-edge activeHost=Siloe-1 pos=506,659 hostScreen=Siloe:Siloe-1 localScreen=0,0..1919,1079 desktop=0,0 1920x1080
[2026-07-17T00:00:51] INFO: object-layout primary no-edge activeHost=Siloe-1 pos=511,659 hostScreen=Siloe:Siloe-1 localScreen=0,0..1919,1079 desktop=0,0 1920x1080
[2026-07-17T00:00:51] INFO: object-layout primary no-edge activeHost=Siloe-1 pos=517,659 hostScreen=Siloe:Siloe-1 localScreen=0,0..1919,1079 desktop=0,0 1920x1080
[2026-07-17T00:00:51] INFO: object-layout primary no-edge activeHost=Siloe-1 pos=519,659 hostScreen=Siloe:Siloe-1 localScreen=0,0..1919,1079 desktop=0,0 1920x1080
[2026-07-17T00:00:51] INFO: object-layout primary no-edge activeHost=Siloe-1 pos=522,659 hostScreen=Siloe:Siloe-1 localScreen=0,0..1919,1079 desktop=0,0 1920x1080
[2026-07-17T00:00:51] INFO: object-layout primary no-edge activeHost=Siloe-1 pos=523,658 hostScreen=Siloe:Siloe-1 localScreen=0,0..1919,1079 desktop=0,0 1920x1080
[2026-07-17T00:00:51] INFO: object-layout primary no-edge activeHost=Siloe-1 pos=523,657 hostScreen=Siloe:Siloe-1 localScreen=0,0..1919,1079 desktop=0,0 1920x1080
[2026-07-17T00:00:51] INFO: object-layout primary no-edge activeHost=Siloe-1 pos=524,657 hostScreen=Siloe:Siloe-1 localScreen=0,0..1919,1079 desktop=0,0 1920x1080
[2026-07-17T00:00:51] INFO: object-layout primary no-edge activeHost=Siloe-1 pos=525,657 hostScreen=Siloe:Siloe-1 localScreen=0,0..1919,1079 desktop=0,0 1920x1080
[2026-07-17T00:00:51] INFO: object-layout primary no-edge activeHost=Siloe-1 pos=525,656 hostScreen=Siloe:Siloe-1 localScreen=0,0..1919,1079 desktop=0,0 1920x1080
[2026-07-17T00:00:51] INFO: object-layout primary no-edge activeHost=Siloe-1 pos=525,655 hostScreen=Siloe:Siloe-1 localScreen=0,0..1919,1079 desktop=0,0 1920x1080
[2026-07-17T00:00:51] INFO: object-layout primary no-edge activeHost=Siloe-1 pos=525,654 hostScreen=Siloe:Siloe-1 localScreen=0,0..1919,1079 desktop=0,0 1920x1080
[2026-07-17T00:00:51] INFO: object-layout primary no-edge activeHost=Siloe-1 pos=525,653 hostScreen=Siloe:Siloe-1 localScreen=0,0..1919,1079 desktop=0,0 1920x1080
[2026-07-17T00:00:51] INFO: object-layout primary no-edge activeHost=Siloe-1 pos=525,652 hostScreen=Siloe:Siloe-1 localScreen=0,0..1919,1079 desktop=0,0 1920x1080
[2026-07-17T00:00:51] INFO: object-layout primary no-edge activeHost=Siloe-1 pos=525,651 hostScreen=Siloe:Siloe-1 localScreen=0,0..1919,1079 desktop=0,0 1920x1080
[2026-07-17T00:00:51] INFO: object-layout primary no-edge activeHost=Siloe-1 pos=525,650 hostScreen=Siloe:Siloe-1 localScreen=0,0..1919,1079 desktop=0,0 1920x1080
[2026-07-17T00:00:51] INFO: object-layout primary no-edge activeHost=Siloe-1 pos=524,649 hostScreen=Siloe:Siloe-1 localScreen=0,0..1919,1079 desktop=0,0 1920x1080
[2026-07-17T00:00:51] INFO: object-layout primary no-edge activeHost=Siloe-1 pos=524,648 hostScreen=Siloe:Siloe-1 localScreen=0,0..1919,1079 desktop=0,0 1920x1080
[2026-07-17T00:00:51] INFO: object-layout primary no-edge activeHost=Siloe-1 pos=523,647 hostScreen=Siloe:Siloe-1 localScreen=0,0..1919,1079 desktop=0,0 1920x1080
[2026-07-17T00:00:51] INFO: object-layout primary no-edge activeHost=Siloe-1 pos=522,647 hostScreen=Siloe:Siloe-1 localScreen=0,0..1919,1079 desktop=0,0 1920x1080
[2026-07-17T00:00:51] INFO: object-layout primary no-edge activeHost=Siloe-1 pos=521,647 hostScreen=Siloe:Siloe-1 localScreen=0,0..1919,1079 desktop=0,0 1920x1080
[2026-07-17T00:00:51] INFO: object-layout primary no-edge activeHost=Siloe-1 pos=520,646 hostScreen=Siloe:Siloe-1 localScreen=0,0..1919,1079 desktop=0,0 1920x1080
[2026-07-17T00:00:51] INFO: object-layout primary no-edge activeHost=Siloe-1 pos=518,646 hostScreen=Siloe:Siloe-1 localScreen=0,0..1919,1079 desktop=0,0 1920x1080
[2026-07-17T00:00:51] INFO: object-layout primary no-edge activeHost=Siloe-1 pos=517,645 hostScreen=Siloe:Siloe-1 localScreen=0,0..1919,1079 desktop=0,0 1920x1080
[2026-07-17T00:00:51] INFO: object-layout primary no-edge activeHost=Siloe-1 pos=514,644 hostScreen=Siloe:Siloe-1 localScreen=0,0..1919,1079 desktop=0,0 1920x1080
[2026-07-17T00:00:51] INFO: object-layout primary no-edge activeHost=Siloe-1 pos=512,643 hostScreen=Siloe:Siloe-1 localScreen=0,0..1919,1079 desktop=0,0 1920x1080
[2026-07-17T00:00:51] INFO: object-layout primary no-edge activeHost=Siloe-1 pos=509,642 hostScreen=Siloe:Siloe-1 localScreen=0,0..1919,1079 desktop=0,0 1920x1080
[2026-07-17T00:00:51] INFO: object-layout primary no-edge activeHost=Siloe-1 pos=508,641 hostScreen=Siloe:Siloe-1 localScreen=0,0..1919,1079 desktop=0,0 1920x1080
[2026-07-17T00:00:51] INFO: object-layout primary no-edge activeHost=Siloe-1 pos=506,640 hostScreen=Siloe:Siloe-1 localScreen=0,0..1919,1079 desktop=0,0 1920x1080
[2026-07-17T00:00:51] INFO: object-layout primary no-edge activeHost=Siloe-1 pos=505,638 hostScreen=Siloe:Siloe-1 localScreen=0,0..1919,1079 desktop=0,0 1920x1080
[2026-07-17T00:00:51] INFO: object-layout primary no-edge activeHost=Siloe-1 pos=503,636 hostScreen=Siloe:Siloe-1 localScreen=0,0..1919,1079 desktop=0,0 1920x1080
[2026-07-17T00:00:51] INFO: object-layout primary no-edge activeHost=Siloe-1 pos=500,634 hostScreen=Siloe:Siloe-1 localScreen=0,0..1919,1079 desktop=0,0 1920x1080
[2026-07-17T00:00:51] INFO: object-layout primary no-edge activeHost=Siloe-1 pos=496,631 hostScreen=Siloe:Siloe-1 localScreen=0,0..1919,1079 desktop=0,0 1920x1080
[2026-07-17T00:00:51] INFO: object-layout primary no-edge activeHost=Siloe-1 pos=483,627 hostScreen=Siloe:Siloe-1 localScreen=0,0..1919,1079 desktop=0,0 1920x1080
[2026-07-17T00:00:51] INFO: object-layout primary no-edge activeHost=Siloe-1 pos=456,621 hostScreen=Siloe:Siloe-1 localScreen=0,0..1919,1079 desktop=0,0 1920x1080
[2026-07-17T00:00:51] INFO: object-layout primary no-edge activeHost=Siloe-1 pos=439,616 hostScreen=Siloe:Siloe-1 localScreen=0,0..1919,1079 desktop=0,0 1920x1080
[2026-07-17T00:00:51] INFO: object-layout primary no-edge activeHost=Siloe-1 pos=430,614 hostScreen=Siloe:Siloe-1 localScreen=0,0..1919,1079 desktop=0,0 1920x1080
[2026-07-17T00:00:51] INFO: object-layout primary no-edge activeHost=Siloe-1 pos=427,612 hostScreen=Siloe:Siloe-1 localScreen=0,0..1919,1079 desktop=0,0 1920x1080
[2026-07-17T00:00:51] INFO: object-layout primary no-edge activeHost=Siloe-1 pos=427,611 hostScreen=Siloe:Siloe-1 localScreen=0,0..1919,1079 desktop=0,0 1920x1080
[2026-07-17T00:00:51] INFO: object-layout primary no-edge activeHost=Siloe-1 pos=422,609 hostScreen=Siloe:Siloe-1 localScreen=0,0..1919,1079 desktop=0,0 1920x1080
[2026-07-17T00:00:51] INFO: object-layout primary no-edge activeHost=Siloe-1 pos=410,608 hostScreen=Siloe:Siloe-1 localScreen=0,0..1919,1079 desktop=0,0 1920x1080
[2026-07-17T00:00:51] INFO: object-layout primary no-edge activeHost=Siloe-1 pos=387,605 hostScreen=Siloe:Siloe-1 localScreen=0,0..1919,1079 desktop=0,0 1920x1080
[2026-07-17T00:00:51] INFO: object-layout primary no-edge activeHost=Siloe-1 pos=373,605 hostScreen=Siloe:Siloe-1 localScreen=0,0..1919,1079 desktop=0,0 1920x1080
[2026-07-17T00:00:51] INFO: object-layout primary no-edge activeHost=Siloe-1 pos=366,604 hostScreen=Siloe:Siloe-1 localScreen=0,0..1919,1079 desktop=0,0 1920x1080
[2026-07-17T00:00:51] INFO: object-layout primary no-edge activeHost=Siloe-1 pos=365,602 hostScreen=Siloe:Siloe-1 localScreen=0,0..1919,1079 desktop=0,0 1920x1080
[2026-07-17T00:00:51] INFO: object-layout primary no-edge activeHost=Siloe-1 pos=364,601 hostScreen=Siloe:Siloe-1 localScreen=0,0..1919,1079 desktop=0,0 1920x1080
[2026-07-17T00:00:51] INFO: object-layout primary no-edge activeHost=Siloe-1 pos=363,601 hostScreen=Siloe:Siloe-1 localScreen=0,0..1919,1079 desktop=0,0 1920x1080
[2026-07-17T00:00:51] INFO: object-layout primary no-edge activeHost=Siloe-1 pos=362,601 hostScreen=Siloe:Siloe-1 localScreen=0,0..1919,1079 desktop=0,0 1920x1080
[2026-07-17T00:00:51] INFO: object-layout primary no-edge activeHost=Siloe-1 pos=361,601 hostScreen=Siloe:Siloe-1 localScreen=0,0..1919,1079 desktop=0,0 1920x1080
[2026-07-17T00:00:51] INFO: object-layout primary no-edge activeHost=Siloe-1 pos=359,601 hostScreen=Siloe:Siloe-1 localScreen=0,0..1919,1079 desktop=0,0 1920x1080
[2026-07-17T00:00:51] INFO: object-layout primary no-edge activeHost=Siloe-1 pos=358,601 hostScreen=Siloe:Siloe-1 localScreen=0,0..1919,1079 desktop=0,0 1920x1080
[2026-07-17T00:00:51] INFO: object-layout primary no-edge activeHost=Siloe-1 pos=355,601 hostScreen=Siloe:Siloe-1 localScreen=0,0..1919,1079 desktop=0,0 1920x1080
[2026-07-17T00:00:51] INFO: object-layout primary no-edge activeHost=Siloe-1 pos=353,602 hostScreen=Siloe:Siloe-1 localScreen=0,0..1919,1079 desktop=0,0 1920x1080
[2026-07-17T00:00:51] INFO: object-layout primary no-edge activeHost=Siloe-1 pos=352,603 hostScreen=Siloe:Siloe-1 localScreen=0,0..1919,1079 desktop=0,0 1920x1080
[2026-07-17T00:00:51] INFO: object-layout primary no-edge activeHost=Siloe-1 pos=351,604 hostScreen=Siloe:Siloe-1 localScreen=0,0..1919,1079 desktop=0,0 1920x1080
[2026-07-17T00:00:51] INFO: object-layout primary no-edge activeHost=Siloe-1 pos=350,604 hostScreen=Siloe:Siloe-1 localScreen=0,0..1919,1079 desktop=0,0 1920x1080
[2026-07-17T00:00:51] INFO: object-layout primary no-edge activeHost=Siloe-1 pos=350,605 hostScreen=Siloe:Siloe-1 localScreen=0,0..1919,1079 desktop=0,0 1920x1080
[2026-07-17T00:00:51] INFO: object-layout primary no-edge activeHost=Siloe-1 pos=349,606 hostScreen=Siloe:Siloe-1 localScreen=0,0..1919,1079 desktop=0,0 1920x1080
[2026-07-17T00:00:51] INFO: object-layout primary no-edge activeHost=Siloe-1 pos=349,607 hostScreen=Siloe:Siloe-1 localScreen=0,0..1919,1079 desktop=0,0 1920x1080
[2026-07-17T00:00:51] INFO: object-layout primary no-edge activeHost=Siloe-1 pos=348,607 hostScreen=Siloe:Siloe-1 localScreen=0,0..1919,1079 desktop=0,0 1920x1080
[2026-07-17T00:00:51] INFO: object-layout primary no-edge activeHost=Siloe-1 pos=348,608 hostScreen=Siloe:Siloe-1 localScreen=0,0..1919,1079 desktop=0,0 1920x1080
[2026-07-17T00:00:51] INFO: object-layout primary no-edge activeHost=Siloe-1 pos=348,609 hostScreen=Siloe:Siloe-1 localScreen=0,0..1919,1079 desktop=0,0 1920x1080
[2026-07-17T00:00:51] INFO: object-layout primary no-edge activeHost=Siloe-1 pos=348,610 hostScreen=Siloe:Siloe-1 localScreen=0,0..1919,1079 desktop=0,0 1920x1080
[2026-07-17T00:00:51] INFO: object-layout primary no-edge activeHost=Siloe-1 pos=348,611 hostScreen=Siloe:Siloe-1 localScreen=0,0..1919,1079 desktop=0,0 1920x1080
[2026-07-17T00:00:51] INFO: object-layout primary no-edge activeHost=Siloe-1 pos=348,612 hostScreen=Siloe:Siloe-1 localScreen=0,0..1919,1079 desktop=0,0 1920x1080
[2026-07-17T00:00:51] INFO: object-layout primary no-edge activeHost=Siloe-1 pos=348,613 hostScreen=Siloe:Siloe-1 localScreen=0,0..1919,1079 desktop=0,0 1920x1080
[2026-07-17T00:00:51] INFO: object-layout primary no-edge activeHost=Siloe-1 pos=348,614 hostScreen=Siloe:Siloe-1 localScreen=0,0..1919,1079 desktop=0,0 1920x1080
[2026-07-17T00:00:51] INFO: object-layout primary no-edge activeHost=Siloe-1 pos=349,614 hostScreen=Siloe:Siloe-1 localScreen=0,0..1919,1079 desktop=0,0 1920x1080
[2026-07-17T00:00:51] INFO: object-layout primary no-edge activeHost=Siloe-1 pos=349,615 hostScreen=Siloe:Siloe-1 localScreen=0,0..1919,1079 desktop=0,0 1920x1080
[2026-07-17T00:00:51] INFO: object-layout primary no-edge activeHost=Siloe-1 pos=349,616 hostScreen=Siloe:Siloe-1 localScreen=0,0..1919,1079 desktop=0,0 1920x1080
[2026-07-17T00:00:51] INFO: object-layout primary no-edge activeHost=Siloe-1 pos=349,617 hostScreen=Siloe:Siloe-1 localScreen=0,0..1919,1079 desktop=0,0 1920x1080
[2026-07-17T00:00:51] INFO: object-layout primary no-edge activeHost=Siloe-1 pos=350,617 hostScreen=Siloe:Siloe-1 localScreen=0,0..1919,1079 desktop=0,0 1920x1080
[2026-07-17T00:00:51] INFO: object-layout primary no-edge activeHost=Siloe-1 pos=350,618 hostScreen=Siloe:Siloe-1 localScreen=0,0..1919,1079 desktop=0,0 1920x1080
[2026-07-17T00:00:51] INFO: object-layout primary no-edge activeHost=Siloe-1 pos=351,619 hostScreen=Siloe:Siloe-1 localScreen=0,0..1919,1079 desktop=0,0 1920x1080
[2026-07-17T00:00:51] INFO: object-layout primary no-edge activeHost=Siloe-1 pos=351,620 hostScreen=Siloe:Siloe-1 localScreen=0,0..1919,1079 desktop=0,0 1920x1080
[2026-07-17T00:00:51] INFO: object-layout primary no-edge activeHost=Siloe-1 pos=352,621 hostScreen=Siloe:Siloe-1 localScreen=0,0..1919,1079 desktop=0,0 1920x1080
[2026-07-17T00:00:51] INFO: object-layout primary no-edge activeHost=Siloe-1 pos=353,621 hostScreen=Siloe:Siloe-1 localScreen=0,0..1919,1079 desktop=0,0 1920x1080
[2026-07-17T00:00:51] INFO: object-layout primary no-edge activeHost=Siloe-1 pos=354,621 hostScreen=Siloe:Siloe-1 localScreen=0,0..1919,1079 desktop=0,0 1920x1080
[2026-07-17T00:00:51] INFO: object-layout primary no-edge activeHost=Siloe-1 pos=354,622 hostScreen=Siloe:Siloe-1 localScreen=0,0..1919,1079 desktop=0,0 1920x1080
[2026-07-17T00:00:51] INFO: object-layout primary no-edge activeHost=Siloe-1 pos=354,623 hostScreen=Siloe:Siloe-1 localScreen=0,0..1919,1079 desktop=0,0 1920x1080
[2026-07-17T00:00:51] INFO: object-layout primary no-edge activeHost=Siloe-1 pos=355,623 hostScreen=Siloe:Siloe-1 localScreen=0,0..1919,1079 desktop=0,0 1920x1080
[2026-07-17T00:00:51] INFO: object-layout primary no-edge activeHost=Siloe-1 pos=356,623 hostScreen=Siloe:Siloe-1 localScreen=0,0..1919,1079 desktop=0,0 1920x1080
[2026-07-17T00:00:51] INFO: object-layout primary no-edge activeHost=Siloe-1 pos=356,624 hostScreen=Siloe:Siloe-1 localScreen=0,0..1919,1079 desktop=0,0 1920x1080
[2026-07-17T00:00:51] INFO: object-layout primary no-edge activeHost=Siloe-1 pos=357,624 hostScreen=Siloe:Siloe-1 localScreen=0,0..1919,1079 desktop=0,0 1920x1080
[2026-07-17T00:00:51] INFO: object-layout primary no-edge activeHost=Siloe-1 pos=358,624 hostScreen=Siloe:Siloe-1 localScreen=0,0..1919,1079 desktop=0,0 1920x1080
[2026-07-17T00:00:51] INFO: object-layout primary no-edge activeHost=Siloe-1 pos=359,625 hostScreen=Siloe:Siloe-1 localScreen=0,0..1919,1079 desktop=0,0 1920x1080
[2026-07-17T00:00:51] INFO: object-layout primary no-edge activeHost=Siloe-1 pos=360,625 hostScreen=Siloe:Siloe-1 localScreen=0,0..1919,1079 desktop=0,0 1920x1080
[2026-07-17T00:00:51] INFO: object-layout primary no-edge activeHost=Siloe-1 pos=361,626 hostScreen=Siloe:Siloe-1 localScreen=0,0..1919,1079 desktop=0,0 1920x1080
[2026-07-17T00:00:51] INFO: object-layout primary no-edge activeHost=Siloe-1 pos=362,626 hostScreen=Siloe:Siloe-1 localScreen=0,0..1919,1079 desktop=0,0 1920x1080
[2026-07-17T00:00:51] INFO: object-layout primary no-edge activeHost=Siloe-1 pos=365,629 hostScreen=Siloe:Siloe-1 localScreen=0,0..1919,1079 desktop=0,0 1920x1080
[2026-07-17T00:00:51] INFO: object-layout primary no-edge activeHost=Siloe-1 pos=369,632 hostScreen=Siloe:Siloe-1 localScreen=0,0..1919,1079 desktop=0,0 1920x1080
[2026-07-17T00:00:51] INFO: object-layout primary no-edge activeHost=Siloe-1 pos=373,635 hostScreen=Siloe:Siloe-1 localScreen=0,0..1919,1079 desktop=0,0 1920x1080
[2026-07-17T00:00:52] INFO: object-layout primary no-edge activeHost=Siloe-1 pos=379,642 hostScreen=Siloe:Siloe-1 localScreen=0,0..1919,1079 desktop=0,0 1920x1080
[2026-07-17T00:00:52] INFO: object-layout primary no-edge activeHost=Siloe-1 pos=389,650 hostScreen=Siloe:Siloe-1 localScreen=0,0..1919,1079 desktop=0,0 1920x1080
[2026-07-17T00:00:52] INFO: object-layout primary no-edge activeHost=Siloe-1 pos=396,657 hostScreen=Siloe:Siloe-1 localScreen=0,0..1919,1079 desktop=0,0 1920x1080
[2026-07-17T00:00:52] INFO: object-layout primary no-edge activeHost=Siloe-1 pos=406,667 hostScreen=Siloe:Siloe-1 localScreen=0,0..1919,1079 desktop=0,0 1920x1080
[2026-07-17T00:00:52] INFO: object-layout primary no-edge activeHost=Siloe-1 pos=415,675 hostScreen=Siloe:Siloe-1 localScreen=0,0..1919,1079 desktop=0,0 1920x1080
[2026-07-17T00:00:52] INFO: object-layout primary no-edge activeHost=Siloe-1 pos=425,684 hostScreen=Siloe:Siloe-1 localScreen=0,0..1919,1079 desktop=0,0 1920x1080
[2026-07-17T00:00:52] INFO: object-layout primary no-edge activeHost=Siloe-1 pos=435,692 hostScreen=Siloe:Siloe-1 localScreen=0,0..1919,1079 desktop=0,0 1920x1080
[2026-07-17T00:00:52] INFO: object-layout primary no-edge activeHost=Siloe-1 pos=448,702 hostScreen=Siloe:Siloe-1 localScreen=0,0..1919,1079 desktop=0,0 1920x1080
[2026-07-17T00:00:52] INFO: object-layout primary no-edge activeHost=Siloe-1 pos=459,712 hostScreen=Siloe:Siloe-1 localScreen=0,0..1919,1079 desktop=0,0 1920x1080
[2026-07-17T00:00:52] INFO: object-layout primary no-edge activeHost=Siloe-1 pos=470,718 hostScreen=Siloe:Siloe-1 localScreen=0,0..1919,1079 desktop=0,0 1920x1080
[2026-07-17T00:00:52] INFO: object-layout primary no-edge activeHost=Siloe-1 pos=482,727 hostScreen=Siloe:Siloe-1 localScreen=0,0..1919,1079 desktop=0,0 1920x1080
[2026-07-17T00:00:52] INFO: object-layout primary no-edge activeHost=Siloe-1 pos=496,733 hostScreen=Siloe:Siloe-1 localScreen=0,0..1919,1079 desktop=0,0 1920x1080
[2026-07-17T00:00:52] INFO: object-layout primary no-edge activeHost=Siloe-1 pos=510,742 hostScreen=Siloe:Siloe-1 localScreen=0,0..1919,1079 desktop=0,0 1920x1080
[2026-07-17T00:00:52] INFO: object-layout primary no-edge activeHost=Siloe-1 pos=524,749 hostScreen=Siloe:Siloe-1 localScreen=0,0..1919,1079 desktop=0,0 1920x1080
[2026-07-17T00:00:52] INFO: object-layout primary no-edge activeHost=Siloe-1 pos=534,755 hostScreen=Siloe:Siloe-1 localScreen=0,0..1919,1079 desktop=0,0 1920x1080
[2026-07-17T00:00:52] INFO: object-layout primary no-edge activeHost=Siloe-1 pos=547,761 hostScreen=Siloe:Siloe-1 localScreen=0,0..1919,1079 desktop=0,0 1920x1080
[2026-07-17T00:00:52] INFO: object-layout primary no-edge activeHost=Siloe-1 pos=560,768 hostScreen=Siloe:Siloe-1 localScreen=0,0..1919,1079 desktop=0,0 1920x1080
[2026-07-17T00:00:52] INFO: object-layout primary no-edge activeHost=Siloe-1 pos=574,775 hostScreen=Siloe:Siloe-1 localScreen=0,0..1919,1079 desktop=0,0 1920x1080
[2026-07-17T00:00:52] INFO: object-layout primary no-edge activeHost=Siloe-1 pos=588,782 hostScreen=Siloe:Siloe-1 localScreen=0,0..1919,1079 desktop=0,0 1920x1080
[2026-07-17T00:00:52] INFO: object-layout primary no-edge activeHost=Siloe-1 pos=599,788 hostScreen=Siloe:Siloe-1 localScreen=0,0..1919,1079 desktop=0,0 1920x1080
[2026-07-17T00:00:52] INFO: object-layout primary no-edge activeHost=Siloe-1 pos=607,793 hostScreen=Siloe:Siloe-1 localScreen=0,0..1919,1079 desktop=0,0 1920x1080
[2026-07-17T00:00:52] INFO: object-layout primary no-edge activeHost=Siloe-1 pos=614,800 hostScreen=Siloe:Siloe-1 localScreen=0,0..1919,1079 desktop=0,0 1920x1080
[2026-07-17T00:00:52] INFO: object-layout primary no-edge activeHost=Siloe-1 pos=620,806 hostScreen=Siloe:Siloe-1 localScreen=0,0..1919,1079 desktop=0,0 1920x1080
[2026-07-17T00:00:52] INFO: object-layout primary no-edge activeHost=Siloe-1 pos=628,812 hostScreen=Siloe:Siloe-1 localScreen=0,0..1919,1079 desktop=0,0 1920x1080
[2026-07-17T00:00:52] INFO: object-layout primary no-edge activeHost=Siloe-1 pos=637,819 hostScreen=Siloe:Siloe-1 localScreen=0,0..1919,1079 desktop=0,0 1920x1080
[2026-07-17T00:00:52] INFO: object-layout primary no-edge activeHost=Siloe-1 pos=649,826 hostScreen=Siloe:Siloe-1 localScreen=0,0..1919,1079 desktop=0,0 1920x1080
[2026-07-17T00:00:52] INFO: object-layout primary no-edge activeHost=Siloe-1 pos=662,833 hostScreen=Siloe:Siloe-1 localScreen=0,0..1919,1079 desktop=0,0 1920x1080
[2026-07-17T00:00:52] INFO: object-layout primary no-edge activeHost=Siloe-1 pos=674,839 hostScreen=Siloe:Siloe-1 localScreen=0,0..1919,1079 desktop=0,0 1920x1080
[2026-07-17T00:00:52] INFO: object-layout primary no-edge activeHost=Siloe-1 pos=685,846 hostScreen=Siloe:Siloe-1 localScreen=0,0..1919,1079 desktop=0,0 1920x1080
[2026-07-17T00:00:52] INFO: object-layout primary no-edge activeHost=Siloe-1 pos=694,851 hostScreen=Siloe:Siloe-1 localScreen=0,0..1919,1079 desktop=0,0 1920x1080
[2026-07-17T00:00:52] INFO: object-layout primary no-edge activeHost=Siloe-1 pos=703,858 hostScreen=Siloe:Siloe-1 localScreen=0,0..1919,1079 desktop=0,0 1920x1080
[2026-07-17T00:00:52] INFO: object-layout primary no-edge activeHost=Siloe-1 pos=707,861 hostScreen=Siloe:Siloe-1 localScreen=0,0..1919,1079 desktop=0,0 1920x1080
[2026-07-17T00:00:52] INFO: object-layout primary no-edge activeHost=Siloe-1 pos=712,864 hostScreen=Siloe:Siloe-1 localScreen=0,0..1919,1079 desktop=0,0 1920x1080
[2026-07-17T00:00:52] INFO: object-layout primary no-edge activeHost=Siloe-1 pos=714,864 hostScreen=Siloe:Siloe-1 localScreen=0,0..1919,1079 desktop=0,0 1920x1080
[2026-07-17T00:00:52] INFO: object-layout primary no-edge activeHost=Siloe-1 pos=724,867 hostScreen=Siloe:Siloe-1 localScreen=0,0..1919,1079 desktop=0,0 1920x1080
[2026-07-17T00:00:52] INFO: object-layout primary no-edge activeHost=Siloe-1 pos=736,869 hostScreen=Siloe:Siloe-1 localScreen=0,0..1919,1079 desktop=0,0 1920x1080
[2026-07-17T00:00:52] INFO: object-layout primary no-edge activeHost=Siloe-1 pos=751,872 hostScreen=Siloe:Siloe-1 localScreen=0,0..1919,1079 desktop=0,0 1920x1080
[2026-07-17T00:00:52] INFO: object-layout primary no-edge activeHost=Siloe-1 pos=764,875 hostScreen=Siloe:Siloe-1 localScreen=0,0..1919,1079 desktop=0,0 1920x1080
[2026-07-17T00:00:52] INFO: object-layout primary no-edge activeHost=Siloe-1 pos=779,878 hostScreen=Siloe:Siloe-1 localScreen=0,0..1919,1079 desktop=0,0 1920x1080
[2026-07-17T00:00:52] INFO: object-layout primary no-edge activeHost=Siloe-1 pos=793,882 hostScreen=Siloe:Siloe-1 localScreen=0,0..1919,1079 desktop=0,0 1920x1080
[2026-07-17T00:00:52] INFO: object-layout primary no-edge activeHost=Siloe-1 pos=805,884 hostScreen=Siloe:Siloe-1 localScreen=0,0..1919,1079 desktop=0,0 1920x1080
[2026-07-17T00:00:52] INFO: object-layout primary no-edge activeHost=Siloe-1 pos=818,886 hostScreen=Siloe:Siloe-1 localScreen=0,0..1919,1079 desktop=0,0 1920x1080
[2026-07-17T00:00:52] INFO: object-layout primary no-edge activeHost=Siloe-1 pos=834,888 hostScreen=Siloe:Siloe-1 localScreen=0,0..1919,1079 desktop=0,0 1920x1080
[2026-07-17T00:00:52] INFO: object-layout primary no-edge activeHost=Siloe-1 pos=850,893 hostScreen=Siloe:Siloe-1 localScreen=0,0..1919,1079 desktop=0,0 1920x1080
[2026-07-17T00:00:52] INFO: object-layout primary no-edge activeHost=Siloe-1 pos=866,894 hostScreen=Siloe:Siloe-1 localScreen=0,0..1919,1079 desktop=0,0 1920x1080
[2026-07-17T00:00:52] INFO: object-layout primary no-edge activeHost=Siloe-1 pos=879,897 hostScreen=Siloe:Siloe-1 localScreen=0,0..1919,1079 desktop=0,0 1920x1080
[2026-07-17T00:00:52] INFO: object-layout primary no-edge activeHost=Siloe-1 pos=893,901 hostScreen=Siloe:Siloe-1 localScreen=0,0..1919,1079 desktop=0,0 1920x1080
[2026-07-17T00:00:52] INFO: object-layout primary no-edge activeHost=Siloe-1 pos=908,902 hostScreen=Siloe:Siloe-1 localScreen=0,0..1919,1079 desktop=0,0 1920x1080
[2026-07-17T00:00:52] INFO: object-layout primary no-edge activeHost=Siloe-1 pos=925,905 hostScreen=Siloe:Siloe-1 localScreen=0,0..1919,1079 desktop=0,0 1920x1080
[2026-07-17T00:00:52] INFO: object-layout primary no-edge activeHost=Siloe-1 pos=940,908 hostScreen=Siloe:Siloe-1 localScreen=0,0..1919,1079 desktop=0,0 1920x1080
[2026-07-17T00:00:52] INFO: object-layout primary no-edge activeHost=Siloe-1 pos=953,909 hostScreen=Siloe:Siloe-1 localScreen=0,0..1919,1079 desktop=0,0 1920x1080
[2026-07-17T00:00:52] INFO: object-layout primary no-edge activeHost=Siloe-1 pos=967,910 hostScreen=Siloe:Siloe-1 localScreen=0,0..1919,1079 desktop=0,0 1920x1080
[2026-07-17T00:00:52] INFO: object-layout primary no-edge activeHost=Siloe-1 pos=982,912 hostScreen=Siloe:Siloe-1 localScreen=0,0..1919,1079 desktop=0,0 1920x1080
[2026-07-17T00:00:52] INFO: object-layout primary no-edge activeHost=Siloe-1 pos=997,913 hostScreen=Siloe:Siloe-1 localScreen=0,0..1919,1079 desktop=0,0 1920x1080
[2026-07-17T00:00:52] INFO: object-layout primary no-edge activeHost=Siloe-1 pos=1010,914 hostScreen=Siloe:Siloe-1 localScreen=0,0..1919,1079 desktop=0,0 1920x1080
[2026-07-17T00:00:52] INFO: object-layout primary no-edge activeHost=Siloe-1 pos=1023,914 hostScreen=Siloe:Siloe-1 localScreen=0,0..1919,1079 desktop=0,0 1920x1080
[2026-07-17T00:00:52] INFO: object-layout primary no-edge activeHost=Siloe-1 pos=1035,916 hostScreen=Siloe:Siloe-1 localScreen=0,0..1919,1079 desktop=0,0 1920x1080
[2026-07-17T00:00:52] INFO: object-layout primary no-edge activeHost=Siloe-1 pos=1045,916 hostScreen=Siloe:Siloe-1 localScreen=0,0..1919,1079 desktop=0,0 1920x1080
[2026-07-17T00:00:52] INFO: object-layout primary no-edge activeHost=Siloe-1 pos=1057,916 hostScreen=Siloe:Siloe-1 localScreen=0,0..1919,1079 desktop=0,0 1920x1080
[2026-07-17T00:00:52] INFO: object-layout primary no-edge activeHost=Siloe-1 pos=1070,916 hostScreen=Siloe:Siloe-1 localScreen=0,0..1919,1079 desktop=0,0 1920x1080
[2026-07-17T00:00:52] INFO: object-layout primary no-edge activeHost=Siloe-1 pos=1083,916 hostScreen=Siloe:Siloe-1 localScreen=0,0..1919,1079 desktop=0,0 1920x1080
[2026-07-17T00:00:52] INFO: object-layout primary no-edge activeHost=Siloe-1 pos=1093,916 hostScreen=Siloe:Siloe-1 localScreen=0,0..1919,1079 desktop=0,0 1920x1080
[2026-07-17T00:00:52] INFO: object-layout primary no-edge activeHost=Siloe-1 pos=1103,916 hostScreen=Siloe:Siloe-1 localScreen=0,0..1919,1079 desktop=0,0 1920x1080
[2026-07-17T00:00:52] INFO: object-layout primary no-edge activeHost=Siloe-1 pos=1113,916 hostScreen=Siloe:Siloe-1 localScreen=0,0..1919,1079 desktop=0,0 1920x1080
[2026-07-17T00:00:52] INFO: object-layout primary no-edge activeHost=Siloe-1 pos=1125,916 hostScreen=Siloe:Siloe-1 localScreen=0,0..1919,1079 desktop=0,0 1920x1080
[2026-07-17T00:00:52] INFO: object-layout primary no-edge activeHost=Siloe-1 pos=1138,916 hostScreen=Siloe:Siloe-1 localScreen=0,0..1919,1079 desktop=0,0 1920x1080
[2026-07-17T00:00:52] INFO: object-layout primary no-edge activeHost=Siloe-1 pos=1148,916 hostScreen=Siloe:Siloe-1 localScreen=0,0..1919,1079 desktop=0,0 1920x1080
[2026-07-17T00:00:52] INFO: object-layout primary no-edge activeHost=Siloe-1 pos=1157,916 hostScreen=Siloe:Siloe-1 localScreen=0,0..1919,1079 desktop=0,0 1920x1080
[2026-07-17T00:00:52] INFO: object-layout primary no-edge activeHost=Siloe-1 pos=1162,916 hostScreen=Siloe:Siloe-1 localScreen=0,0..1919,1079 desktop=0,0 1920x1080
[2026-07-17T00:00:52] INFO: object-layout primary no-edge activeHost=Siloe-1 pos=1167,916 hostScreen=Siloe:Siloe-1 localScreen=0,0..1919,1079 desktop=0,0 1920x1080
[2026-07-17T00:00:52] INFO: object-layout primary no-edge activeHost=Siloe-1 pos=1171,917 hostScreen=Siloe:Siloe-1 localScreen=0,0..1919,1079 desktop=0,0 1920x1080
[2026-07-17T00:00:52] INFO: object-layout primary no-edge activeHost=Siloe-1 pos=1175,917 hostScreen=Siloe:Siloe-1 localScreen=0,0..1919,1079 desktop=0,0 1920x1080
[2026-07-17T00:00:52] INFO: object-layout primary no-edge activeHost=Siloe-1 pos=1177,918 hostScreen=Siloe:Siloe-1 localScreen=0,0..1919,1079 desktop=0,0 1920x1080
[2026-07-17T00:00:52] INFO: object-layout primary no-edge activeHost=Siloe-1 pos=1181,918 hostScreen=Siloe:Siloe-1 localScreen=0,0..1919,1079 desktop=0,0 1920x1080
[2026-07-17T00:00:52] INFO: object-layout primary no-edge activeHost=Siloe-1 pos=1184,918 hostScreen=Siloe:Siloe-1 localScreen=0,0..1919,1079 desktop=0,0 1920x1080
[2026-07-17T00:00:52] INFO: object-layout primary no-edge activeHost=Siloe-1 pos=1187,919 hostScreen=Siloe:Siloe-1 localScreen=0,0..1919,1079 desktop=0,0 1920x1080
[2026-07-17T00:00:52] INFO: object-layout primary no-edge activeHost=Siloe-1 pos=1189,919 hostScreen=Siloe:Siloe-1 localScreen=0,0..1919,1079 desktop=0,0 1920x1080
[2026-07-17T00:00:53] INFO: object-layout primary no-edge activeHost=Siloe-1 pos=1193,919 hostScreen=Siloe:Siloe-1 localScreen=0,0..1919,1079 desktop=0,0 1920x1080
[2026-07-17T00:00:53] INFO: object-layout primary no-edge activeHost=Siloe-1 pos=1196,919 hostScreen=Siloe:Siloe-1 localScreen=0,0..1919,1079 desktop=0,0 1920x1080
[2026-07-17T00:00:53] INFO: object-layout primary no-edge activeHost=Siloe-1 pos=1198,919 hostScreen=Siloe:Siloe-1 localScreen=0,0..1919,1079 desktop=0,0 1920x1080
[2026-07-17T00:00:53] INFO: object-layout primary no-edge activeHost=Siloe-1 pos=1202,919 hostScreen=Siloe:Siloe-1 localScreen=0,0..1919,1079 desktop=0,0 1920x1080
[2026-07-17T00:00:53] INFO: object-layout primary no-edge activeHost=Siloe-1 pos=1205,919 hostScreen=Siloe:Siloe-1 localScreen=0,0..1919,1079 desktop=0,0 1920x1080
[2026-07-17T00:00:53] INFO: object-layout primary no-edge activeHost=Siloe-1 pos=1207,919 hostScreen=Siloe:Siloe-1 localScreen=0,0..1919,1079 desktop=0,0 1920x1080
[2026-07-17T00:00:53] INFO: object-layout primary no-edge activeHost=Siloe-1 pos=1211,919 hostScreen=Siloe:Siloe-1 localScreen=0,0..1919,1079 desktop=0,0 1920x1080
[2026-07-17T00:00:53] INFO: object-layout primary no-edge activeHost=Siloe-1 pos=1214,919 hostScreen=Siloe:Siloe-1 localScreen=0,0..1919,1079 desktop=0,0 1920x1080
[2026-07-17T00:00:53] INFO: object-layout primary no-edge activeHost=Siloe-1 pos=1218,919 hostScreen=Siloe:Siloe-1 localScreen=0,0..1919,1079 desktop=0,0 1920x1080
[2026-07-17T00:00:53] INFO: object-layout primary no-edge activeHost=Siloe-1 pos=1220,918 hostScreen=Siloe:Siloe-1 localScreen=0,0..1919,1079 desktop=0,0 1920x1080
[2026-07-17T00:00:53] INFO: object-layout primary no-edge activeHost=Siloe-1 pos=1222,918 hostScreen=Siloe:Siloe-1 localScreen=0,0..1919,1079 desktop=0,0 1920x1080
[2026-07-17T00:00:53] INFO: object-layout primary no-edge activeHost=Siloe-1 pos=1225,917 hostScreen=Siloe:Siloe-1 localScreen=0,0..1919,1079 desktop=0,0 1920x1080
[2026-07-17T00:00:53] INFO: object-layout primary no-edge activeHost=Siloe-1 pos=1226,917 hostScreen=Siloe:Siloe-1 localScreen=0,0..1919,1079 desktop=0,0 1920x1080
[2026-07-17T00:00:53] INFO: object-layout primary no-edge activeHost=Siloe-1 pos=1227,917 hostScreen=Siloe:Siloe-1 localScreen=0,0..1919,1079 desktop=0,0 1920x1080
[2026-07-17T00:00:53] INFO: object-layout primary no-edge activeHost=Siloe-1 pos=1227,916 hostScreen=Siloe:Siloe-1 localScreen=0,0..1919,1079 desktop=0,0 1920x1080
[2026-07-17T00:00:53] INFO: object-layout primary no-edge activeHost=Siloe-1 pos=1228,916 hostScreen=Siloe:Siloe-1 localScreen=0,0..1919,1079 desktop=0,0 1920x1080
[2026-07-17T00:00:53] INFO: object-layout primary no-edge activeHost=Siloe-1 pos=1228,915 hostScreen=Siloe:Siloe-1 localScreen=0,0..1919,1079 desktop=0,0 1920x1080
[2026-07-17T00:00:53] INFO: object-layout primary no-edge activeHost=Siloe-1 pos=1229,915 hostScreen=Siloe:Siloe-1 localScreen=0,0..1919,1079 desktop=0,0 1920x1080
[2026-07-17T00:00:53] INFO: object-layout primary no-edge activeHost=Siloe-1 pos=1230,915 hostScreen=Siloe:Siloe-1 localScreen=0,0..1919,1079 desktop=0,0 1920x1080
[2026-07-17T00:00:53] INFO: object-layout primary no-edge activeHost=Siloe-1 pos=1230,914 hostScreen=Siloe:Siloe-1 localScreen=0,0..1919,1079 desktop=0,0 1920x1080
[2026-07-17T00:00:53] INFO: object-layout primary no-edge activeHost=Siloe-1 pos=1230,913 hostScreen=Siloe:Siloe-1 localScreen=0,0..1919,1079 desktop=0,0 1920x1080
[2026-07-17T00:00:53] INFO: object-layout primary no-edge activeHost=Siloe-1 pos=1230,912 hostScreen=Siloe:Siloe-1 localScreen=0,0..1919,1079 desktop=0,0 1920x1080
[2026-07-17T00:00:53] INFO: object-layout primary no-edge activeHost=Siloe-1 pos=1230,911 hostScreen=Siloe:Siloe-1 localScreen=0,0..1919,1079 desktop=0,0 1920x1080
[2026-07-17T00:00:53] INFO: object-layout primary no-edge activeHost=Siloe-1 pos=1230,910 hostScreen=Siloe:Siloe-1 localScreen=0,0..1919,1079 desktop=0,0 1920x1080
[2026-07-17T00:00:53] INFO: object-layout primary no-edge activeHost=Siloe-1 pos=1229,909 hostScreen=Siloe:Siloe-1 localScreen=0,0..1919,1079 desktop=0,0 1920x1080
[2026-07-17T00:00:53] INFO: object-layout primary no-edge activeHost=Siloe-1 pos=1229,907 hostScreen=Siloe:Siloe-1 localScreen=0,0..1919,1079 desktop=0,0 1920x1080
[2026-07-17T00:00:53] INFO: object-layout primary no-edge activeHost=Siloe-1 pos=1229,906 hostScreen=Siloe:Siloe-1 localScreen=0,0..1919,1079 desktop=0,0 1920x1080
[2026-07-17T00:00:53] INFO: object-layout primary no-edge activeHost=Siloe-1 pos=1228,904 hostScreen=Siloe:Siloe-1 localScreen=0,0..1919,1079 desktop=0,0 1920x1080
[2026-07-17T00:00:53] INFO: object-layout primary no-edge activeHost=Siloe-1 pos=1227,902 hostScreen=Siloe:Siloe-1 localScreen=0,0..1919,1079 desktop=0,0 1920x1080
[2026-07-17T00:00:53] INFO: object-layout primary no-edge activeHost=Siloe-1 pos=1226,900 hostScreen=Siloe:Siloe-1 localScreen=0,0..1919,1079 desktop=0,0 1920x1080
[2026-07-17T00:00:53] INFO: object-layout primary no-edge activeHost=Siloe-1 pos=1225,899 hostScreen=Siloe:Siloe-1 localScreen=0,0..1919,1079 desktop=0,0 1920x1080
[2026-07-17T00:00:53] INFO: object-layout primary no-edge activeHost=Siloe-1 pos=1225,897 hostScreen=Siloe:Siloe-1 localScreen=0,0..1919,1079 desktop=0,0 1920x1080
[2026-07-17T00:00:53] INFO: object-layout primary no-edge activeHost=Siloe-1 pos=1224,894 hostScreen=Siloe:Siloe-1 localScreen=0,0..1919,1079 desktop=0,0 1920x1080
[2026-07-17T00:00:53] INFO: object-layout primary no-edge activeHost=Siloe-1 pos=1223,893 hostScreen=Siloe:Siloe-1 localScreen=0,0..1919,1079 desktop=0,0 1920x1080
[2026-07-17T00:00:53] INFO: object-layout primary no-edge activeHost=Siloe-1 pos=1223,891 hostScreen=Siloe:Siloe-1 localScreen=0,0..1919,1079 desktop=0,0 1920x1080
[2026-07-17T00:00:53] INFO: object-layout primary no-edge activeHost=Siloe-1 pos=1222,889 hostScreen=Siloe:Siloe-1 localScreen=0,0..1919,1079 desktop=0,0 1920x1080
[2026-07-17T00:00:53] INFO: object-layout primary no-edge activeHost=Siloe-1 pos=1222,888 hostScreen=Siloe:Siloe-1 localScreen=0,0..1919,1079 desktop=0,0 1920x1080
[2026-07-17T00:00:53] INFO: object-layout primary no-edge activeHost=Siloe-1 pos=1221,887 hostScreen=Siloe:Siloe-1 localScreen=0,0..1919,1079 desktop=0,0 1920x1080
[2026-07-17T00:00:53] INFO: object-layout primary no-edge activeHost=Siloe-1 pos=1221,886 hostScreen=Siloe:Siloe-1 localScreen=0,0..1919,1079 desktop=0,0 1920x1080
[2026-07-17T00:00:53] INFO: object-layout primary no-edge activeHost=Siloe-1 pos=1220,885 hostScreen=Siloe:Siloe-1 localScreen=0,0..1919,1079 desktop=0,0 1920x1080
[2026-07-17T00:00:53] INFO: object-layout primary no-edge activeHost=Siloe-1 pos=1220,884 hostScreen=Siloe:Siloe-1 localScreen=0,0..1919,1079 desktop=0,0 1920x1080
[2026-07-17T00:00:53] INFO: object-layout primary no-edge activeHost=Siloe-1 pos=1220,883 hostScreen=Siloe:Siloe-1 localScreen=0,0..1919,1079 desktop=0,0 1920x1080
[2026-07-17T00:00:53] INFO: object-layout primary no-edge activeHost=Siloe-1 pos=1219,882 hostScreen=Siloe:Siloe-1 localScreen=0,0..1919,1079 desktop=0,0 1920x1080
[2026-07-17T00:00:53] INFO: object-layout primary no-edge activeHost=Siloe-1 pos=1219,881 hostScreen=Siloe:Siloe-1 localScreen=0,0..1919,1079 desktop=0,0 1920x1080
[2026-07-17T00:00:53] INFO: object-layout primary no-edge activeHost=Siloe-1 pos=1218,880 hostScreen=Siloe:Siloe-1 localScreen=0,0..1919,1079 desktop=0,0 1920x1080
[2026-07-17T00:00:53] INFO: object-layout primary no-edge activeHost=Siloe-1 pos=1217,879 hostScreen=Siloe:Siloe-1 localScreen=0,0..1919,1079 desktop=0,0 1920x1080
[2026-07-17T00:00:53] INFO: object-layout primary no-edge activeHost=Siloe-1 pos=1217,878 hostScreen=Siloe:Siloe-1 localScreen=0,0..1919,1079 desktop=0,0 1920x1080
[2026-07-17T00:00:53] INFO: object-layout primary no-edge activeHost=Siloe-1 pos=1217,877 hostScreen=Siloe:Siloe-1 localScreen=0,0..1919,1079 desktop=0,0 1920x1080
[2026-07-17T00:00:53] INFO: object-layout primary no-edge activeHost=Siloe-1 pos=1217,876 hostScreen=Siloe:Siloe-1 localScreen=0,0..1919,1079 desktop=0,0 1920x1080
[2026-07-17T00:00:53] INFO: object-layout primary no-edge activeHost=Siloe-1 pos=1217,875 hostScreen=Siloe:Siloe-1 localScreen=0,0..1919,1079 desktop=0,0 1920x1080
[2026-07-17T00:00:53] INFO: object-layout primary no-edge activeHost=Siloe-1 pos=1216,875 hostScreen=Siloe:Siloe-1 localScreen=0,0..1919,1079 desktop=0,0 1920x1080
[2026-07-17T00:00:53] INFO: object-layout primary no-edge activeHost=Siloe-1 pos=1216,874 hostScreen=Siloe:Siloe-1 localScreen=0,0..1919,1079 desktop=0,0 1920x1080
[2026-07-17T00:00:53] INFO: object-layout primary no-edge activeHost=Siloe-1 pos=1216,873 hostScreen=Siloe:Siloe-1 localScreen=0,0..1919,1079 desktop=0,0 1920x1080
[2026-07-17T00:00:53] INFO: object-layout primary no-edge activeHost=Siloe-1 pos=1216,872 hostScreen=Siloe:Siloe-1 localScreen=0,0..1919,1079 desktop=0,0 1920x1080
[2026-07-17T00:00:53] INFO: object-layout primary no-edge activeHost=Siloe-1 pos=1216,871 hostScreen=Siloe:Siloe-1 localScreen=0,0..1919,1079 desktop=0,0 1920x1080
[2026-07-17T00:00:53] INFO: object-layout primary no-edge activeHost=Siloe-1 pos=1216,870 hostScreen=Siloe:Siloe-1 localScreen=0,0..1919,1079 desktop=0,0 1920x1080
[2026-07-17T00:00:53] INFO: object-layout primary no-edge activeHost=Siloe-1 pos=1215,870 hostScreen=Siloe:Siloe-1 localScreen=0,0..1919,1079 desktop=0,0 1920x1080
[2026-07-17T00:00:53] INFO: object-layout primary no-edge activeHost=Siloe-1 pos=1215,869 hostScreen=Siloe:Siloe-1 localScreen=0,0..1919,1079 desktop=0,0 1920x1080
[2026-07-17T00:00:53] INFO: object-layout primary no-edge activeHost=Siloe-1 pos=1215,868 hostScreen=Siloe:Siloe-1 localScreen=0,0..1919,1079 desktop=0,0 1920x1080
[2026-07-17T00:00:53] INFO: object-layout primary no-edge activeHost=Siloe-1 pos=1215,867 hostScreen=Siloe:Siloe-1 localScreen=0,0..1919,1079 desktop=0,0 1920x1080
[2026-07-17T00:00:53] INFO: object-layout primary no-edge activeHost=Siloe-1 pos=1215,866 hostScreen=Siloe:Siloe-1 localScreen=0,0..1919,1079 desktop=0,0 1920x1080
[2026-07-17T00:00:53] INFO: object-layout primary no-edge activeHost=Siloe-1 pos=1215,865 hostScreen=Siloe:Siloe-1 localScreen=0,0..1919,1079 desktop=0,0 1920x1080
[2026-07-17T00:00:53] INFO: object-layout primary no-edge activeHost=Siloe-1 pos=1215,864 hostScreen=Siloe:Siloe-1 localScreen=0,0..1919,1079 desktop=0,0 1920x1080
[2026-07-17T00:00:53] INFO: object-layout primary no-edge activeHost=Siloe-1 pos=1215,863 hostScreen=Siloe:Siloe-1 localScreen=0,0..1919,1079 desktop=0,0 1920x1080
[2026-07-17T00:00:53] INFO: object-layout primary no-edge activeHost=Siloe-1 pos=1215,862 hostScreen=Siloe:Siloe-1 localScreen=0,0..1919,1079 desktop=0,0 1920x1080
[2026-07-17T00:00:53] INFO: object-layout primary no-edge activeHost=Siloe-1 pos=1215,861 hostScreen=Siloe:Siloe-1 localScreen=0,0..1919,1079 desktop=0,0 1920x1080
[2026-07-17T00:00:53] INFO: object-layout primary no-edge activeHost=Siloe-1 pos=1215,860 hostScreen=Siloe:Siloe-1 localScreen=0,0..1919,1079 desktop=0,0 1920x1080
[2026-07-17T00:00:53] INFO: object-layout primary no-edge activeHost=Siloe-1 pos=1215,859 hostScreen=Siloe:Siloe-1 localScreen=0,0..1919,1079 desktop=0,0 1920x1080
[2026-07-17T00:00:53] INFO: object-layout primary no-edge activeHost=Siloe-1 pos=1215,858 hostScreen=Siloe:Siloe-1 localScreen=0,0..1919,1079 desktop=0,0 1920x1080
[2026-07-17T00:00:53] INFO: object-layout primary no-edge activeHost=Siloe-1 pos=1215,857 hostScreen=Siloe:Siloe-1 localScreen=0,0..1919,1079 desktop=0,0 1920x1080
[2026-07-17T00:00:53] INFO: object-layout primary no-edge activeHost=Siloe-1 pos=1215,853 hostScreen=Siloe:Siloe-1 localScreen=0,0..1919,1079 desktop=0,0 1920x1080
[2026-07-17T00:00:53] INFO: object-layout primary no-edge activeHost=Siloe-1 pos=1216,850 hostScreen=Siloe:Siloe-1 localScreen=0,0..1919,1079 desktop=0,0 1920x1080
[2026-07-17T00:00:53] INFO: object-layout primary no-edge activeHost=Siloe-1 pos=1216,848 hostScreen=Siloe:Siloe-1 localScreen=0,0..1919,1079 desktop=0,0 1920x1080
[2026-07-17T00:00:53] INFO: object-layout primary no-edge activeHost=Siloe-1 pos=1216,846 hostScreen=Siloe:Siloe-1 localScreen=0,0..1919,1079 desktop=0,0 1920x1080
[2026-07-17T00:00:53] INFO: object-layout primary no-edge activeHost=Siloe-1 pos=1216,844 hostScreen=Siloe:Siloe-1 localScreen=0,0..1919,1079 desktop=0,0 1920x1080
[2026-07-17T00:00:53] INFO: object-layout primary no-edge activeHost=Siloe-1 pos=1216,843 hostScreen=Siloe:Siloe-1 localScreen=0,0..1919,1079 desktop=0,0 1920x1080
[2026-07-17T00:00:53] INFO: object-layout primary no-edge activeHost=Siloe-1 pos=1216,842 hostScreen=Siloe:Siloe-1 localScreen=0,0..1919,1079 desktop=0,0 1920x1080
[2026-07-17T00:00:53] INFO: object-layout primary no-edge activeHost=Siloe-1 pos=1216,841 hostScreen=Siloe:Siloe-1 localScreen=0,0..1919,1079 desktop=0,0 1920x1080
[2026-07-17T00:00:53] INFO: object-layout primary no-edge activeHost=Siloe-1 pos=1216,840 hostScreen=Siloe:Siloe-1 localScreen=0,0..1919,1079 desktop=0,0 1920x1080
[2026-07-17T00:00:53] INFO: object-layout primary no-edge activeHost=Siloe-1 pos=1217,840 hostScreen=Siloe:Siloe-1 localScreen=0,0..1919,1079 desktop=0,0 1920x1080
[2026-07-17T00:00:53] INFO: object-layout primary no-edge activeHost=Siloe-1 pos=1217,839 hostScreen=Siloe:Siloe-1 localScreen=0,0..1919,1079 desktop=0,0 1920x1080
[2026-07-17T00:00:54] INFO: object-layout primary no-edge activeHost=Siloe-1 pos=1218,839 hostScreen=Siloe:Siloe-1 localScreen=0,0..1919,1079 desktop=0,0 1920x1080
[2026-07-17T00:00:54] INFO: object-layout primary no-edge activeHost=Siloe-1 pos=1218,840 hostScreen=Siloe:Siloe-1 localScreen=0,0..1919,1079 desktop=0,0 1920x1080
[2026-07-17T00:00:54] INFO: object-layout primary no-edge activeHost=Siloe-1 pos=1218,841 hostScreen=Siloe:Siloe-1 localScreen=0,0..1919,1079 desktop=0,0 1920x1080
